name,core_count,core_clock,boost_clock,tdp,graphics,smt,brand,series,model,cpu_mark,thread_mark,socket
AMD A10-5700,4,3.4,,65,Radeon HD 7660D,FALSE,AMD,A10,5700,2742,1429,FM2
AMD A10-5800K,4,3.8,,100,Radeon HD 7660D,FALSE,AMD,A10,5800K,2955,1492,FM2
AMD A10-6700,4,3.7,,65,Radeon HD 8670D,FALSE,AMD,A10,6700,3112,1606,FM2
AMD A10-6700T,4,2.5,3.5,45,Radeon HD 8650D,FALSE,AMD,A10,6700T,2299,1290,FM2
AMD A10-6790K,4,4,4.3,100,Radeon HD 8670D,FALSE,AMD,A10,6790K,3103,1559,FM2
AMD A10-6800B,4,4.1,4.4,100,Radeon HD 8670D,FALSE,AMD,A10,6800B,3155,1666,FM2
AMD A10-6800K,4,4.1,,100,Radeon HD 8670D,FALSE,AMD,A10,6800K,3188,1594,FM2
AMD A10-7700K,4,3.4,3.8,95,Radeon R7 (on-die),FALSE,AMD,A10,7700K,3203,1432,FM2+
AMD A10-7800,4,3.5,3.9,65,Radeon R7 (on-die),FALSE,AMD,A10,7800,3212,1458,FM2+
AMD A10-7850K,4,3.7,4,95,Radeon R7 (on-die),FALSE,AMD,A10,7850K,3397,1497,FM2+
AMD A10-7860k,4,3.6,4,65,Radeon R7 (on-die),FALSE,AMD,A10,7860k,3271,1484,FM2+
AMD A10-7870K,4,3.9,4.1,95,Radeon R7 (on-die),FALSE,AMD,A10,7870K,3492,1530,FM2+
AMD A10-7890K,4,4.1,4.3,95,Radeon R7 (on-die),FALSE,AMD,A10,7890K,3536,1573,FM2+
AMD A10-9700,4,3.5,3.8,65,Radeon R7 (on-die),FALSE,AMD,A10,9700,3552,1618,AM4
AMD A10-9700E,4,3,3.5,35,Radeon R7 (on-die),FALSE,AMD,A10,9700E,3242,1505,AM4
AMD A12-9800,4,3.8,4.2,65,Radeon R7 (on-die),FALSE,AMD,A12,9800,3635,1682,AM4
AMD A12-9800E,4,3.1,3.8,35,Radeon R7 (on-die),FALSE,AMD,A12,9800E,3471,1617,AM4
AMD A4-3300,2,2.5,,65,Radeon HD 6410D,FALSE,AMD,A4,3300,942,973,FM1
AMD A4-3400,2,2.7,,65,Radeon HD 6410D,FALSE,AMD,A4,3400,1089,1084,FM1
AMD A4-3420,2,2.8,,65,Radeon HD 6410D,FALSE,AMD,A4,3420,1067,1119,FM1
AMD A4-4000,2,3,,65,Radeon HD 7480D,FALSE,AMD,A4,4000,1152,1137,FM2
AMD A4-4020,2,3.2,3.4,65,Radeon HD 7480D,FALSE,AMD,A4,4020,1268,1220,FM2
AMD A4-5300,2,3.4,,65,Radeon HD 7480D,FALSE,AMD,A4,5300,1365,1338,FM2
AMD A4-6300,2,3.7,3.9,65,Radeon HD 8370D,FALSE,AMD,A4,6300,1422,1396,FM2
AMD A4-6320,2,3.8,4,65,Radeon HD 8370D,FALSE,AMD,A4,6320,1530,1529,FM2
AMD A4-7300,2,3.8,4,65,Radeon HD 8470D,FALSE,AMD,A4,7300,1534,1480,FM2
AMD A6-3500,3,2.1,,65,Radeon HD 6530D,FALSE,AMD,A6,3500,1432,964,FM1
AMD A6-3650,4,2.6,,100,Radeon HD 6530D,FALSE,AMD,A6,3650,2086,1045,FM1
AMD A6-5400K,2,3.6,,65,Radeon HD 7540D,FALSE,AMD,A6,5400K,1274,1265,FM2
AMD A6-6400K,2,3.9,,65,Radeon HD 8470D,FALSE,AMD,A6,6400K,1507,1446,FM2
AMD A6-6420K,2,4,4.2,65,Radeon HD 8000 Series,FALSE,AMD,A6,6420K,1565,1546,FM2
AMD A6-7400K,2,3.5,3.9,65,Radeon R5 (on die),FALSE,AMD,A6,7400K,1635,1434,FM2+
AMD A6-7470K,2,3.7,4,65,Radeon R5 (on die),FALSE,AMD,A6,7470K,1799,1576,FM2+
AMD A6-7480,2,3.5,3.8,65,Radeon R5 (on die),FALSE,AMD,A6,7480,1808,1528,FM2+
AMD A6-9500,2,3.5,3.8,65,Radeon R5 (on die),FALSE,AMD,A6,9500,1877,1629,AM4
AMD A6-9500E,2,3,3.4,35,Radeon R5 (on die),FALSE,AMD,A6,9500E,1725,1369,AM4
AMD A8-3850,4,2.9,,100,Radeon HD 6550D,FALSE,AMD,A8,3850,2390,1215,FM1
AMD A8-3870K,4,3,,100,Radeon HD 6550D,FALSE,AMD,A8,3870K,2328,1210,FM1
AMD A8-5500,4,3.2,,65,Radeon HD 7560D,FALSE,AMD,A8,5500,2610,1333,FM2
AMD A8-5600K,4,3.6,,100,Radeon HD 7560D,FALSE,AMD,A8,5600K,2865,1430,FM2
AMD A8-6500,4,3.5,,65,Radeon HD 8570D,FALSE,AMD,A8,6500,2826,1474,FM2
AMD A8-6600K,4,3.9,,100,Radeon HD 8570D,FALSE,AMD,A8,6600K,3000,1533,FM2
AMD A8-7600,4,3.1,3.8,65,Radeon R7 (on-die),FALSE,AMD,A8,7600,3213,1444,FM2+
AMD A8-7650K,4,3.3,3.7,65,Radeon R7 (on-die),FALSE,AMD,A8,7650K,3122,1405,FM2+
AMD A8-7670K,4,3.6,3.9,95,Radeon R7 (on-die),FALSE,AMD,A8,7670K,3213,1493,FM2+
AMD A8-9600,4,3.1,3.4,65,Radeon R7 (on-die),FALSE,AMD,A8,9600,3304,1486,AM4
AMD Athlon 200GE,2,3.2,,35,Radeon Vega 3,TRUE,AMD,Athlon,200GE,4110,1793,AM4
AMD Athlon 240GE,2,3.5,,35,Radeon Vega 3,TRUE,AMD,Athlon,240GE,4539,1950,AM4
AMD Athlon 3000G (14nm),2,3.5,,35,Radeon Vega 3,TRUE,AMD,Athlon,3000G,4457,1968,AM4
AMD Athlon 5370,4,2.2,,25,Radeon R3 (on die),FALSE,AMD,Athlon,5370,1927,754,AM1
AMD Athlon II X2 215,2,2.7,,65,,FALSE,AMD,Athlon II,X2 215,973,1023,AM3
AMD Athlon II X2 220,2,2.8,,65,,FALSE,AMD,Athlon II,X2 220,1042,1091,AM3
AMD Athlon II X2 235e,2,2.7,,45,,FALSE,AMD,Athlon II,X2 235e,1079,1098,AM3
AMD Athlon II X2 240,2,2.8,,65,,FALSE,AMD,Athlon II,X2 240,1049,1084,AM3
AMD Athlon II X2 240e,2,2.8,,45,,FALSE,AMD,Athlon II,X2 240e,1007,1097,AM3
AMD Athlon II X2 245,2,2.9,,65,,FALSE,AMD,Athlon II,X2 245,1116,1131,AM2+
AMD Athlon II X2 245e,2,2.9,,45,,FALSE,AMD,Athlon II,X2 245e,1171,1182,AM3
AMD Athlon II X2 250,2,3,,65,,FALSE,AMD,Athlon II,X2 250,1168,1199,AM3
AMD Athlon II X2 250u,2,1.6,,25,,FALSE,AMD,Athlon II,X2 250u,598,637,AM3
AMD Athlon II X2 255,2,3.1,,65,,FALSE,AMD,Athlon II,X2 255,1199,1237,AM3
AMD Athlon II X2 260,2,3.2,,65,,FALSE,AMD,Athlon II,X2 260,1190,1257,AM3
AMD Athlon II X2 260u,2,1.8,,25,,FALSE,AMD,Athlon II,X2 260u,713,716,AM3
AMD Athlon II X2 265,2,3.2,,65,,FALSE,AMD,Athlon II,X2 265,1267,1336,AM3
AMD Athlon II X2 270,2,3.4,,65,,FALSE,AMD,Athlon II,X2 270,1316,1363,AM3
AMD Athlon II X3 400e,3,2.2,,45,,FALSE,AMD,Athlon II,X3 400e,1320,908,AM3
AMD Athlon II X3 405e,3,2.3,,45,,FALSE,AMD,Athlon II,X3 405e,1331,973,AM3
AMD Athlon II X3 415e,3,2.5,,45,,FALSE,AMD,Athlon II,X3 415e,1441,1028,AM3
AMD Athlon II X3 425,3,2.7,,95,,FALSE,AMD,Athlon II,X3 425,1576,1084,AM3
AMD Athlon II X3 435,3,2.9,,95,,FALSE,AMD,Athlon II,X3 435,1625,1160,AM3
AMD Athlon II X3 440,3,3,,95,,FALSE,AMD,Athlon II,X3 440,1719,1193,AM3
AMD Athlon II X3 445,3,3.1,,95,,FALSE,AMD,Athlon II,X3 445,1822,1268,AM3
AMD Athlon II X3 450,3,3.2,,95,,FALSE,AMD,Athlon II,X3 450,1861,1300,AM3
AMD Athlon II X3 455,3,3.3,,95,,FALSE,AMD,Athlon II,X3 455,1891,1332,AM3
AMD Athlon II X3 460,3,3.4,,95,,FALSE,AMD,Athlon II,X3 460,2008,1395,AM3
AMD Athlon II X4 600e,4,2.2,,45,,FALSE,AMD,Athlon II,X4 600e,1795,913,AM3
AMD Athlon II X4 605e,4,2.3,,45,,FALSE,AMD,Athlon II,X4 605e,1966,999,AM3
AMD Athlon II X4 610e,4,2.4,,45,,FALSE,AMD,Athlon II,X4 610e,1959,1039,AM3
AMD Athlon II X4 620,4,2.6,,95,,FALSE,AMD,Athlon II,X4 620,2021,1062,AM3
AMD Athlon II X4 630,4,2.8,,95,,FALSE,AMD,Athlon II,X4 630,2162,1129,AM3
AMD Athlon II X4 631,4,2.6,,100,,FALSE,AMD,Athlon II,X4 631,2122,1115,FM1
AMD Athlon II X4 635,4,2.9,,95,,FALSE,AMD,Athlon II,X4 635,2237,1168,AM3
AMD Athlon II X4 638,4,2.7,,65,,FALSE,AMD,Athlon II,X4 638,2260,1158,FM1
AMD Athlon II X4 640,4,3,,95,,FALSE,AMD,Athlon II,X4 640,2254,1212,AM3
AMD Athlon II X4 641,4,2.8,,100,,FALSE,AMD,Athlon II,X4 641,2313,1189,FM1
AMD Athlon II X4 645,4,3.1,,95,,FALSE,AMD,Athlon II,X4 645,2359,1257,AM3
AMD Athlon II X4 651,4,3,,100,,FALSE,AMD,Athlon II,X4 651,2500,1287,FM1
AMD Athlon II X4 651K,4,3,,100,,FALSE,AMD,Athlon II,X4 651K,2500,1287,FM1
AMD Athlon X4 530,4,2,,25,,FALSE,AMD,Athlon,X4 530,1786,690,AM1
AMD Athlon X4 740,4,3.2,,65,,FALSE,AMD,Athlon,X4 740,2637,1355,FM2
AMD Athlon X4 750K,4,3.4,,65,,FALSE,AMD,Athlon,X4 750K,2625,1497,FM2
AMD Athlon X4 760K,4,3.8,4.1,100,,FALSE,AMD,Athlon,X4 760K,2980,1533,FM2
AMD Athlon X4 840,4,3.1,3.8,65,,FALSE,AMD,Athlon,X4 840,3319,1487,FM2+
AMD Athlon X4 845,4,3.5,3.8,65,,FALSE,AMD,Athlon,X4 845,3781,1670,FM2+
AMD Athlon X4 860K,4,3.7,4,95,,FALSE,AMD,Athlon,X4 860K,3435,1525,FM2+
AMD Athlon X4 870K,4,3.9,4.1,95,,FALSE,AMD,Athlon,X4 870K,3410,1558,FM2+
AMD Athlon X4 880K,4,4,4.2,95,,FALSE,AMD,Athlon,X4 880K,3663,1633,FM2+
AMD Athlon X4 950,4,3.5,3.8,65,,FALSE,AMD,Athlon,X4 950,3598,1637,AM4
AMD Athlon X4 970,4,3.8,4,65,,FALSE,AMD,Athlon,X4 970,3472,1616,AM4
AMD E2-3200,2,2.4,,65,Radeon HD 6370D,FALSE,AMD,E2,3200,968,971,FM1
AMD FX-4100,4,3.6,,95,,FALSE,AMD,FX,4100,2615,1286,AM3+
AMD FX-4130,4,3.8,,125,,FALSE,AMD,FX,4130,2703,1342,AM3+
AMD FX-4150,4,4,4.1,125,,FALSE,AMD,FX,4150,3327,1465,AM3+
AMD FX-4170,4,4.2,,125,,FALSE,AMD,FX,4170,3047,1469,AM3+
AMD FX-4200,4,3.3,,125,,FALSE,AMD,FX,4200,3119,1313,AM3+
AMD FX-4300,4,3.8,,95,,FALSE,AMD,FX,4300,2980,1476,AM3+
AMD FX-4320,4,4,4.2,95,,FALSE,AMD,FX,4320,3150,1564,AM3+
AMD FX-4350,4,4.2,,125,,FALSE,AMD,FX,4350,3279,1604,AM3+
AMD FX-6100,6,3.3,,95,,FALSE,AMD,FX,6100,3698,1318,AM3+
AMD FX-6120,6,3.5,4.1,95,,FALSE,AMD,FX,6120,3909,1413,AM3+
AMD FX-6130,6,3.6,3.9,125,,FALSE,AMD,FX,6130,4353,1390,AM3+
AMD FX-6200,6,3.8,,125,,FALSE,AMD,FX,6200,4075,1400,AM3+
AMD FX-6300,6,3.5,,95,,FALSE,AMD,FX,6300,4213,1486,AM3+
AMD FX-6350,6,3.9,,125,,FALSE,AMD,FX,6350,4619,1575,AM3+
AMD FX-8100,8,2.8,,95,,FALSE,AMD,FX,8100,4073,1154,AM3+
AMD FX-8120,8,3.1,,125,,FALSE,AMD,FX,8120,4630,1331,AM3+
AMD FX-8140,8,3.2,4.1,95,,FALSE,AMD,FX,8140,4860,1273,AM3+
AMD FX-8150,8,3.6,,125,,FALSE,AMD,FX,8150,5291,1433,AM3+
AMD FX-8300,8,3.3,,95,,FALSE,AMD,FX,8300,5336,1489,AM3+
AMD FX-8310,8,3.4,4.3,95,,FALSE,AMD,FX,8310,5065,1409,AM3+
AMD FX-8320,8,3.5,,125,,FALSE,AMD,FX,8320,5442,1465,AM3+
AMD FX-8320E,8,3.2,4,95,,FALSE,AMD,FX,8320E,5106,1432,AM3+
AMD FX-8350,8,4,,125,,FALSE,AMD,FX,8350,6071,1581,AM3+
AMD FX-8370,8,4,4.3,125,,FALSE,AMD,FX,8370,6148,1619,AM3+
AMD FX-8370E,8,3.3,4.3,95,,FALSE,AMD,FX,8370E,5329,1467,AM3+
AMD FX-9370,8,4.4,4.7,220,,FALSE,AMD,FX,9370,6301,1696,AM3+
AMD FX-9590,8,4.7,5,220,,FALSE,AMD,FX,9590,6776,1811,AM3+
AMD Phenom II X2 545,2,3,,80,,FALSE,AMD,Phenom II,X2 545,1222,1183,AM2+
AMD Phenom II X2 550,2,3.1,,80,,FALSE,AMD,Phenom II,X2 550,1150,1225,AM2+
AMD Phenom II X2 550 Black,2,3.1,,80,,FALSE,AMD,Phenom II,X2 550,1150,1225,AM2+
AMD Phenom II X2 555 Black,2,3.2,,80,,FALSE,AMD,Phenom II,X2 555,1296,1307,AM2+
AMD Phenom II X2 560 Black,2,3.3,,80,,FALSE,AMD,Phenom II,X2 560,1381,1365,AM2+
AMD Phenom II X2 565 Black,2,3.4,,80,,FALSE,AMD,Phenom II,X2 565,1442,1376,AM2+
AMD Phenom II X2 B59,2,3.4,,80,,FALSE,AMD,Phenom II,X2 B59,1396,1368,AM2+
AMD Phenom II X3 705e,3,2.5,,65,,FALSE,AMD,Phenom II,X3 705e,1222,962,AM3
AMD Phenom II X3 710,3,2.6,,95,,FALSE,AMD,Phenom II,X3 710,1571,1067,AM3
AMD Phenom II X3 720,3,2.8,,95,,FALSE,AMD,Phenom II,X3 720,1593,1107,AM3
AMD Phenom II X3 720 Black,3,2.8,,95,,FALSE,AMD,Phenom II,X3 720,1593,1107,AM3
AMD Phenom II X4 805,4,2.5,,95,,FALSE,AMD,Phenom II,X4 805,1959,1017,AM3
AMD Phenom II X4 810,4,2.6,,95,,FALSE,AMD,Phenom II,X4 810,1999,1037,AM3
AMD Phenom II X4 820,4,2.8,,95,,FALSE,AMD,Phenom II,X4 820,2081,1121,AM3
AMD Phenom II X4 830,4,2.8,,95,,FALSE,AMD,Phenom II,X4 830,2072,1083,AM2+
AMD Phenom II X4 840,4,3.2,,95,,FALSE,AMD,Phenom II,X4 840,2425,1299,AM2+
AMD Phenom II X4 905e,4,2.5,,65,,FALSE,AMD,Phenom II,X4 905e,1936,1012,AM3
AMD Phenom II X4 910,4,2.6,,95,,FALSE,AMD,Phenom II,X4 910,1776,988,AM3
AMD Phenom II X4 910e,4,2.6,,65,,FALSE,AMD,Phenom II,X4 910e,2131,1079,AM3
AMD Phenom II X4 920,4,2.8,,125,,FALSE,AMD,Phenom II,X4 920,2181,1133,AM2+
AMD Phenom II X4 925,4,2.8,,95,,FALSE,AMD,Phenom II,X4 925,2278,1150,AM3
AMD Phenom II X4 940 Black,4,3,,125,,FALSE,AMD,Phenom II,X4 940,2358,1213,AM2+
AMD Phenom II X4 945,4,3,,125,,FALSE,AMD,Phenom II,X4 945,2406,1234,AM3
AMD Phenom II X4 955,4,3.2,,125,,FALSE,AMD,Phenom II,X4 955,2531,1296,AM3
AMD Phenom II X4 955 Black,4,3.2,,125,,FALSE,AMD,Phenom II,X4 955,2531,1296,AM3
AMD Phenom II X4 960T Black,4,3,,95,,FALSE,AMD,Phenom II,X4 960T,2375,1304,AM3
AMD Phenom II X4 965,4,3.4,,125,,FALSE,AMD,Phenom II,X4 965,2650,1364,AM3
AMD Phenom II X4 965 Black,4,3.4,,125,,FALSE,AMD,Phenom II,X4 965,2650,1364,AM3
AMD Phenom II X4 965 Black (140W),4,3.4,,125,,FALSE,AMD,Phenom II,X4 965,2650,1364,AM3
AMD Phenom II X4 970,4,3.5,,125,,FALSE,AMD,Phenom II,X4 970,2750,1416,AM3
AMD Phenom II X4 970 Black,4,3.5,,125,,FALSE,AMD,Phenom II,X4 970,2750,1416,AM3
AMD Phenom II X4 975,4,3.6,,125,,FALSE,AMD,Phenom II,X4 975,2610,1344,AM3
AMD Phenom II X4 980 Black,4,3.7,,125,,FALSE,AMD,Phenom II,X4 980,2839,1511,AM3
AMD Phenom II X6 1035T,6,2.6,,95,,FALSE,AMD,Phenom II,X6 1035T,3014,1224,AM3
AMD Phenom II X6 1045T,6,2.7,,95,,FALSE,AMD,Phenom II,X6 1045T,3227,1285,AM3
AMD Phenom II X6 1055T,6,2.8,,125,,FALSE,AMD,Phenom II,X6 1055T,3340,1328,AM3
AMD Phenom II X6 1065T,6,2.7,,95,,FALSE,AMD,Phenom II,X6 1065T,3380,1362,AM3
AMD Phenom II X6 1075T,6,3,,125,,FALSE,AMD,Phenom II,X6 1075T,3470,1385,AM3
AMD Phenom II X6 1090T Black,6,3.2,,125,,FALSE,AMD,Phenom II,X6 1090T,3790,1453,AM3
AMD Phenom II X6 1100T Black,6,3.3,,125,,FALSE,AMD,Phenom II,X6 1100T,3899,1498,AM3
AMD Pro A10-7800B,4,3.5,3.9,65,Radeon R7 (on-die),FALSE,AMD,A10,7800B,3309,1496,FM2+
AMD Pro A10-7850B,4,3.7,4,95,Radeon R7 (on-die),FALSE,AMD,A10,7850B,3441,1565,FM2+
AMD Ryzen 3 1200 (12nm),4,3.1,3.4,65,,FALSE,AMD,Ryzen 3,1200,6269,1927,AM4
AMD Ryzen 3 1200 (14nm),4,3.1,3.4,65,,FALSE,AMD,Ryzen 3,1200,6269,1927,AM4
AMD Ryzen 3 1300X,4,3.5,3.7,65,,FALSE,AMD,Ryzen 3,1300X,6963,2122,AM4
AMD Ryzen 3 2200G,4,3.5,3.7,65,Radeon Vega 8,FALSE,AMD,Ryzen 3,2200G,6754,2049,AM4
AMD Ryzen 3 3100,4,3.6,3.9,65,,TRUE,AMD,Ryzen 3,3100,11577,2418,AM4
AMD Ryzen 3 3200G,4,3.6,4,65,Radeon Vega 8,FALSE,AMD,Ryzen 3,3200G,7111,2202,AM4
AMD Ryzen 3 3300X,4,3.8,4.3,65,,TRUE,AMD,Ryzen 3,3300X,12603,2670,AM4
AMD Ryzen 3 4100,4,3.8,4,65,,TRUE,AMD,Ryzen 3,4100,11029,2526,AM4
AMD Ryzen 5 1400,4,3.2,3.4,65,,TRUE,AMD,Ryzen 5,1400,7741,1890,AM4
AMD Ryzen 5 1500X,4,3.5,3.7,65,,TRUE,AMD,Ryzen 5,1500X,9088,2109,AM4
AMD Ryzen 5 1600 (12nm),6,3.2,3.6,65,,TRUE,AMD,Ryzen 5,1600,12274,2066,AM4
AMD Ryzen 5 1600 (14nm),6,3.2,3.6,65,,TRUE,AMD,Ryzen 5,1600,12274,2066,AM4
AMD Ryzen 5 1600X,6,3.6,4,95,,TRUE,AMD,Ryzen 5,1600X,13037,2195,AM4
AMD Ryzen 5 2400G,4,3.6,3.9,65,Radeon Vega 11,TRUE,AMD,Ryzen 5,2400G,8738,2146,AM4
AMD Ryzen 5 2600,6,3.4,3.9,65,,TRUE,AMD,Ryzen 5,2600,13180,2242,AM4
AMD Ryzen 5 2600X,6,3.6,4.2,95,,TRUE,AMD,Ryzen 5,2600X,13893,2381,AM4
AMD Ryzen 5 3400G,4,3.7,4.2,65,Radeon Vega 11,TRUE,AMD,Ryzen 5,3400G,9231,2325,AM4
AMD Ryzen 5 3500,6,3.6,4.1,65,,FALSE,AMD,Ryzen 5,3500,12793,2501,AM4
AMD Ryzen 5 3500X,6,3.6,4.1,65,,FALSE,AMD,Ryzen 5,3500X,13169,2503,AM4
AMD Ryzen 5 3600,6,3.6,4.2,65,,TRUE,AMD,Ryzen 5,3600,17721,2564,AM4
AMD Ryzen 5 3600X,6,3.8,4.4,95,,TRUE,AMD,Ryzen 5,3600X,18174,2651,AM4
AMD Ryzen 5 3600XT,6,3.8,4.5,95,,TRUE,AMD,Ryzen 5,3600XT,18619,2757,AM4
AMD Ryzen 5 4500,6,3.6,4.1,65,,TRUE,AMD,Ryzen 5,4500,16125,2598,AM4
AMD Ryzen 5 4600G,6,3.7,4.2,65,Radeon Vega 7,TRUE,AMD,Ryzen 5,4600G,16040,2658,AM4
AMD Ryzen 5 5500,6,3.6,4.2,65,,TRUE,AMD,Ryzen 5,5500,19350,3056,AM4
AMD Ryzen 5 5500GT,6,3.6,4.4,65,Radeon Vega 7,TRUE,AMD,Ryzen 5,5500GT,20266,3225,AM4
AMD Ryzen 5 5600,6,3.5,4.4,65,,TRUE,AMD,Ryzen 5,5600,21565,3258,AM4
AMD Ryzen 5 5600G,6,3.9,4.4,65,Radeon Vega 7,TRUE,AMD,Ryzen 5,5600G,19829,3188,AM4
AMD Ryzen 5 5600GT,6,3.6,4.6,65,Radeon Vega 7,TRUE,AMD,Ryzen 5,5600GT,20288,3338,AM4
AMD Ryzen 5 5600X,6,3.7,4.6,65,,TRUE,AMD,Ryzen 5,5600X,21876,3363,AM4
AMD Ryzen 5 5600X3D,6,3.3,4.4,105,,TRUE,AMD,Ryzen 5,5600X3D,21914,3190,AM4
AMD Ryzen 5 7500F,6,3.7,5,65,,TRUE,AMD,Ryzen 5,7500F,26850,3842,AM5
AMD Ryzen 5 7600,6,3.8,5.1,65,Radeon,TRUE,AMD,Ryzen 5,7600,27046,3908,AM5
AMD Ryzen 5 7600X,6,4.7,5.3,105,Radeon,TRUE,AMD,Ryzen 5,7600X,28455,4139,AM5
AMD Ryzen 5 8500G,6,4.1,5,65,Radeon 740M,TRUE,AMD,Ryzen 5,8500G,21674,3896,AM5
AMD Ryzen 5 8600G,6,4.3,5,65,Radeon 760M,TRUE,AMD,Ryzen 5,8600G,25350,3881,AM5
AMD Ryzen 7 1700,8,3,3.7,65,,TRUE,AMD,Ryzen 7,1700,14799,2000,AM4
AMD Ryzen 7 1700X,8,3.4,3.8,95,,TRUE,AMD,Ryzen 7,1700X,15656,2102,AM4
AMD Ryzen 7 1800X,8,3.6,4,95,,TRUE,AMD,Ryzen 7,1800X,16340,2197,AM4
AMD Ryzen 7 2700,8,3.2,4.1,65,,TRUE,AMD,Ryzen 7,2700,15689,2177,AM4
AMD Ryzen 7 2700X,8,3.7,4.3,105,,TRUE,AMD,Ryzen 7,2700X,17498,2420,AM4
AMD Ryzen 7 3700X,8,3.6,4.4,65,,TRUE,AMD,Ryzen 7,3700X,22499,2658,AM4
AMD Ryzen 7 3800X,8,3.9,4.5,105,,TRUE,AMD,Ryzen 7,3800X,23103,2716,AM4
AMD Ryzen 7 3800XT,8,3.9,4.7,105,,TRUE,AMD,Ryzen 7,3800XT,23590,2803,AM4
AMD Ryzen 7 5700,8,3.7,4.6,65,,TRUE,AMD,Ryzen 7,5700,24327,3288,AM4
AMD Ryzen 7 5700G,8,3.8,4.6,65,Radeon Vega 8,TRUE,AMD,Ryzen 7,5700G,24509,3285,AM4
AMD Ryzen 7 5700X,8,3.4,4.6,65,,TRUE,AMD,Ryzen 7,5700X,26636,3382,AM4
AMD Ryzen 7 5700X3D,8,3,4.1,105,,TRUE,AMD,Ryzen 7,5700X3D,26330,2971,AM4
AMD Ryzen 7 5800X,8,3.8,4.7,105,,TRUE,AMD,Ryzen 7,5800X,27794,3445,AM4
AMD Ryzen 7 5800X3D,8,3.4,4.5,105,,TRUE,AMD,Ryzen 7,5800X3D,28304,3233,AM4
AMD Ryzen 7 7700,8,3.6,5.3,65,Radeon,TRUE,AMD,Ryzen 7,7700,34555,4065,AM5
AMD Ryzen 7 7700X,8,4.5,5.4,105,Radeon,TRUE,AMD,Ryzen 7,7700X,35890,4193,AM5
AMD Ryzen 7 7800X3D,8,4.2,5,120,Radeon,TRUE,AMD,Ryzen 7,7800X3D,34261,3754,AM5
AMD Ryzen 7 8700G,8,4.2,5.1,65,Radeon 780M,TRUE,AMD,Ryzen 7,8700G,31443,3898,AM5
AMD Ryzen 9 3900,12,3.1,,65,,TRUE,AMD,Ryzen 9,3900,30713,2617,AM4
AMD Ryzen 9 3900X,12,3.8,4.6,105,,TRUE,AMD,Ryzen 9,3900X,32592,2705,AM4
AMD Ryzen 9 3900XT,12,3.8,4.7,105,,TRUE,AMD,Ryzen 9,3900XT,32652,2747,AM4
AMD Ryzen 9 3950X,16,3.5,4.7,105,,TRUE,AMD,Ryzen 9,3950X,38676,2705,AM4
AMD Ryzen 9 5900X,12,3.7,4.8,105,,TRUE,AMD,Ryzen 9,5900X,39061,3470,AM4
AMD Ryzen 9 5950X,16,3.4,4.9,105,,TRUE,AMD,Ryzen 9,5950X,45525,3469,AM4
AMD Ryzen 9 7900,12,3.6,5.4,65,Radeon,TRUE,AMD,Ryzen 9,7900,48583,4141,AM5
AMD Ryzen 9 7900X,12,4.7,5.6,170,Radeon,TRUE,AMD,Ryzen 9,7900X,51524,4245,AM5
AMD Ryzen 9 7900X3D,12,4.4,5.6,120,Radeon,TRUE,AMD,Ryzen 9,7900X3D,50414,4132,AM5
AMD Ryzen 9 7950X,16,4.5,5.7,170,Radeon,TRUE,AMD,Ryzen 9,7950X,62631,4273,AM5
AMD Ryzen 9 7950X3D,16,4.2,5.7,120,Radeon,TRUE,AMD,Ryzen 9,7950X3D,62504,4151,AM5
AMD Sempron 140,1,2.7,,45,,FALSE,AMD,Sempron,140,486,1037,AM3
AMD Sempron 145,1,2.8,,45,,FALSE,AMD,Sempron,145,518,1015,AM3
AMD Sempron 150,1,2.9,,45,,FALSE,AMD,Sempron,150,597,1117,AM3
AMD Sempron X2 198,2,2.5,,65,,FALSE,AMD,Sempron,X2 198,930,1070,FM1
AMD Threadripper 1900X,8,3.8,4,180,,TRUE,AMD,Threadripper,1900X,16808,2335,sTR4
AMD Threadripper 1920X,12,3.5,4,180,,TRUE,AMD,Threadripper,1920X,23040,2306,sTR4
AMD Threadripper 1950X,16,3.4,4,180,,TRUE,AMD,Threadripper,1950X,27616,2274,sTR4
AMD Threadripper 2920X,12,3.5,4.3,180,,TRUE,AMD,Threadripper,2920X,25202,2491,sTR4
AMD Threadripper 2950X,16,3.5,4.4,180,,TRUE,AMD,Threadripper,2950X,29506,2457,sTR4
AMD Threadripper 2970WX,24,3,4.2,250,,TRUE,AMD,Threadripper,2970WX,31093,2339,sTR4
AMD Threadripper 2990WX,32,3,4.2,250,,TRUE,AMD,Threadripper,2990WX,32261,2292,sTR4
AMD Threadripper 3960X,24,3.8,4.5,280,,TRUE,AMD,Threadripper,3960X,54839,2684,sTRX4
AMD Threadripper 3970X,32,3.7,4.5,280,,TRUE,AMD,Threadripper,3970X,63079,2664,sTRX4
AMD Threadripper 3990X,64,2.9,4.3,280,,TRUE,AMD,Threadripper,3990X,80076,2568,sTRX4
Intel Celeron 420,1,1.6,,35,,FALSE,Intel,Celeron,420,235,471,LGA 775
Intel Celeron 430,1,1.8,,35,,FALSE,Intel,Celeron,430,288,616,LGA 775
Intel Celeron 440,1,2,,35,,FALSE,Intel,Celeron,440,368,444,LGA 775
Intel Celeron 450,1,2.2,,35,,FALSE,Intel,Celeron,450,433,763,LGA 775
Intel Celeron E1200,2,1.6,,65,,FALSE,Intel,Celeron,E1200,516,580,LGA 775
Intel Celeron E1400,2,2,,65,,FALSE,Intel,Celeron,E1400,735,758,LGA 775
Intel Celeron E1500,2,2.2,,65,,FALSE,Intel,Celeron,E1500,626,764,LGA 775
Intel Celeron E1600,2,2.4,,65,,FALSE,Intel,Celeron,E1600,840,916,LGA 775
Intel Celeron E3200,2,2.4,,65,,FALSE,Intel,Celeron,E3200,900,981,LGA 775
Intel Celeron E3300,2,2.5,,65,,FALSE,Intel,Celeron,E3300,809,918,LGA 775
Intel Celeron E3400,2,2.6,,65,,FALSE,Intel,Celeron,E3400,872,1010,LGA 775
Intel Celeron E3500,2,2.7,,65,,FALSE,Intel,Celeron,E3500,935,1154,LGA 775
Intel Celeron G1610,2,2.6,,55,Intel HD Graphics,FALSE,Intel,Celeron,G1610,1532,1382,LGA 1155
Intel Celeron G1620,2,2.7,,55,Intel HD Graphics,FALSE,Intel,Celeron,G1620,1571,1454,LGA 1155
Intel Celeron G1630,2,2.8,,55,Intel HD Graphics,FALSE,Intel,Celeron,G1630,1707,1553,LGA 1155
Intel Celeron G1820,2,2.7,,53,Intel HD Graphics,FALSE,Intel,Celeron,G1820,1720,1538,LGA 1150
Intel Celeron G1830,2,2.8,,53,Intel HD Graphics,FALSE,Intel,Celeron,G1830,1560,1513,LGA 1150
Intel Celeron G1840,2,2.8,,53,Intel HD Graphics,FALSE,Intel,Celeron,G1840,1781,1582,LGA 1150
Intel Celeron G1850,2,2.9,,54,Intel HD Graphics,FALSE,Intel,Celeron,G1850,1909,1583,LGA 1150
Intel Celeron G3900,2,2.8,,51,Intel HD Graphics 510,FALSE,Intel,Celeron,G3900,2149,1687,LGA 1151
Intel Celeron G3920,2,2.6,,51,Intel HD Graphics 510,FALSE,Intel,Celeron,G3920,2358,1781,LGA 1151
Intel Celeron G3930,2,2.9,,51,Intel HD Graphics 610,FALSE,Intel,Celeron,G3930,2253,1778,LGA 1151
Intel Celeron G3930T,2,2.7,,35,Intel HD Graphics 610,FALSE,Intel,Celeron,G3930T,2023,1655,LGA 1151
Intel Celeron G3950,2,3,,51,Intel HD Graphics 610,FALSE,Intel,Celeron,G3950,2322,1851,LGA 1151
Intel Celeron G440,1,1.6,,35,Intel HD Graphics,FALSE,Intel,Celeron,G440,420,747,LGA 1155
Intel Celeron G465,2,1.9,,35,Intel HD Graphics,FALSE,Intel,Celeron,G465,547,819,LGA 1155
Intel Celeron G470,1,2,,35,Intel HD Graphics,TRUE,Intel,Celeron,G470,570,837,LGA 1155
Intel Celeron G4900,2,3.1,,54,Intel UHD Graphics 610,FALSE,Intel,Celeron,G4900,2382,1836,LGA 1151
Intel Celeron G4900T,2,1.8,,35,Intel UHD Graphics 610,FALSE,Intel,Celeron,G4900T,2255,1740,LGA 1151
Intel Celeron G4920,2,3.2,,54,Intel UHD Graphics 610,FALSE,Intel,Celeron,G4920,2500,1960,LGA 1151
Intel Celeron G4930,2,3.2,,54,Intel UHD Graphics 610,FALSE,Intel,Celeron,G4930,2569,1950,LGA 1151
Intel Celeron G530,2,2.4,,65,Intel HD Graphics,FALSE,Intel,Celeron,G530,1129,1101,LGA 1155
Intel Celeron G540,2,2.5,,65,Intel HD Graphics,FALSE,Intel,Celeron,G540,1177,1149,LGA 1155
Intel Celeron G555,2,2.7,,65,Intel HD Graphics,FALSE,Intel,Celeron,G555,1388,1289,LGA 1155
Intel Celeron G5900,2,3.4,,58,Intel UHD Graphics 610,FALSE,Intel,Celeron,G5900,2670,2113,LGA 1200
Intel Celeron G5905,2,3.5,,58,Intel UHD Graphics 610,FALSE,Intel,Celeron,G5905,2780,2161,LGA 1200
Intel Celeron G5905T,2,3.3,,35,Intel UHD Graphics 610,FALSE,Intel,Celeron,G5905T,2304,1854,LGA 1200
Intel Celeron G5920,2,3.5,,58,Intel UHD Graphics 610,FALSE,Intel,Celeron,G5920,2577,2123,LGA 1200
Intel Celeron G5925,2,3.6,,58,Intel UHD Graphics 610,FALSE,Intel,Celeron,G5925,2787,2227,LGA 1200
Intel Celeron G6900,2,3.4,,46,Intel UHD Graphics 710,FALSE,Intel,Celeron,G6900,4489,2696,LGA 1700
Intel Core 2 Duo E4300,2,1.8,,65,,FALSE,Intel,Core 2 Duo,E4300,588,661,LGA 775
Intel Core 2 Duo E4400,2,2,,65,,FALSE,Intel,Core 2 Duo,E4400,718,783,LGA 775
Intel Core 2 Duo E4500,2,2.2,,65,,FALSE,Intel,Core 2 Duo,E4500,739,812,LGA 775
Intel Core 2 Duo E4600,2,2.4,,65,,FALSE,Intel,Core 2 Duo,E4600,875,928,LGA 775
Intel Core 2 Duo E6320,2,1.86,,65,,FALSE,Intel,Core 2 Duo,E6320,717,712,LGA 775
Intel Core 2 Duo E6400,2,2.13,,65,,FALSE,Intel,Core 2 Duo,E6400,779,825,LGA 775
Intel Core 2 Duo E6420,2,2.13,,65,,FALSE,Intel,Core 2 Duo,E6420,752,781,LGA 775
Intel Core 2 Duo E6540,2,2.33,,65,,FALSE,Intel,Core 2 Duo,E6540,808,969,LGA 775
Intel Core 2 Duo E6550,2,2.33,,65,,FALSE,Intel,Core 2 Duo,E6550,903,909,LGA 775
Intel Core 2 Duo E6700,2,2.66,,65,,FALSE,Intel,Core 2 Duo,E6700,990,1023,LGA 775
Intel Core 2 Duo E6750,2,2.66,,65,,FALSE,Intel,Core 2 Duo,E6750,1017,1028,LGA 775
Intel Core 2 Duo E6850,2,3,,65,,FALSE,Intel,Core 2 Duo,E6850,1154,1188,LGA 775
Intel Core 2 Duo E7200,2,2.53,,65,,FALSE,Intel,Core 2 Duo,E7200,991,1054,LGA 775
Intel Core 2 Duo E7300,2,2.66,,65,,FALSE,Intel,Core 2 Duo,E7300,952,1056,LGA 775
Intel Core 2 Duo E7400,2,2.8,,65,,FALSE,Intel,Core 2 Duo,E7400,1042,1109,LGA 775
Intel Core 2 Duo E7500,2,2.93,,65,,FALSE,Intel,Core 2 Duo,E7500,1151,1211,LGA 775
Intel Core 2 Duo E7600,2,3.06,,65,,FALSE,Intel,Core 2 Duo,E7600,1150,1260,LGA 775
Intel Core 2 Duo E8200,2,2.66,,65,,FALSE,Intel,Core 2 Duo,E8200,1129,1144,LGA 775
Intel Core 2 Duo E8300,2,2.83,,65,,FALSE,Intel,Core 2 Duo,E8300,1019,1084,LGA 775
Intel Core 2 Duo E8400,2,3,,65,,FALSE,Intel,Core 2 Duo,E8400,1209,1233,LGA 775
Intel Core 2 Duo E8500,2,3.16,,65,,FALSE,Intel,Core 2 Duo,E8500,1287,1322,LGA 775
Intel Core 2 Duo E8600,2,3.33,,65,,FALSE,Intel,Core 2 Duo,E8600,1360,1383,LGA 775
Intel Core 2 Extreme QX6800,4,2.93,,75,,FALSE,Intel,Core 2 Extreme,QX6800,2145,1124,LGA 775
Intel Core 2 Extreme QX6850,4,3,,130,,FALSE,Intel,Core 2 Extreme,QX6850,2242,1210,LGA 775
Intel Core 2 Extreme QX9650,4,3,,130,,FALSE,Intel,Core 2 Extreme,QX9650,2404,1258,LGA 775
Intel Core 2 Extreme QX9770,4,3.2,,136,,FALSE,Intel,Core 2 Extreme,QX9770,2689,1395,LGA 775
Intel Core 2 Extreme QX9775,4,3.2,,150,,FALSE,Intel,Core 2 Extreme,QX9775,2780,1451,LGA771
Intel Core 2 Extreme X6800,2,2.93,,75,,FALSE,Intel,Core 2 Extreme,X6800,1095,1107,LGA 775
Intel Core 2 Quad Q6600,4,2.4,,105,,FALSE,Intel,Core 2 Quad,Q6600,1832,953,LGA 775
Intel Core 2 Quad Q6700,4,2.66,,105,,FALSE,Intel,Core 2 Quad,Q6700,2099,1077,LGA 775
Intel Core 2 Quad Q8200,4,2.33,,95,,FALSE,Intel,Core 2 Quad,Q8200,1779,993,LGA 775
Intel Core 2 Quad Q8200S,4,2.33,,95,,FALSE,Intel,Core 2 Quad,Q8200S,1779,993,LGA 775
Intel Core 2 Quad Q8300,4,2.5,,95,,FALSE,Intel,Core 2 Quad,Q8300,1901,1061,LGA 775
Intel Core 2 Quad Q8400,4,2.66,,95,,FALSE,Intel,Core 2 Quad,Q8400,2069,1141,LGA 775
Intel Core 2 Quad Q8400S,4,2.66,,95,,FALSE,Intel,Core 2 Quad,Q8400S,2069,1141,LGA 775
Intel Core 2 Quad Q9300,4,2.5,,95,,FALSE,Intel,Core 2 Quad,Q9300,1987,1081,LGA 775
Intel Core 2 Quad Q9400,4,2.66,,95,,FALSE,Intel,Core 2 Quad,Q9400,2142,1138,LGA 775
Intel Core 2 Quad Q9400S,4,2.66,,95,,FALSE,Intel,Core 2 Quad,Q9400S,2142,1138,LGA 775
Intel Core 2 Quad Q9450,4,2.66,,95,,FALSE,Intel,Core 2 Quad,Q9450,2184,1127,LGA 775
Intel Core 2 Quad Q9505,4,2.83,,95,,FALSE,Intel,Core 2 Quad,Q9505,2171,1186,LGA 775
Intel Core 2 Quad Q9505S,4,2.83,,95,,FALSE,Intel,Core 2 Quad,Q9505S,2171,1186,LGA 775
Intel Core 2 Quad Q9550,4,2.83,,95,,FALSE,Intel,Core 2 Quad,Q9550,2347,1216,LGA 775
Intel Core 2 Quad Q9550S,4,2.83,,95,,FALSE,Intel,Core 2 Quad,Q9550S,2347,1216,LGA 775
Intel Core 2 Quad Q9650,4,3,,95,,FALSE,Intel,Core 2 Quad,Q9650,2484,1284,LGA 775
Intel Core i3-10100,4,3.6,4.3,65,Intel UHD Graphics 630,TRUE,Intel,Core i3,10100,8631,2609,LGA 1200
Intel Core i3-10100F,4,3.6,4.3,65,,TRUE,Intel,Core i3,10100F,8723,2588,LGA 1200
Intel Core i3-10100T,4,3,3.8,65,Intel UHD Graphics 630,TRUE,Intel,Core i3,10100T,8631,2609,LGA 1200
Intel Core i3-10105,4,3.7,4.4,65,Intel UHD Graphics 630,TRUE,Intel,Core i3,10105,8547,2673,LGA 1200
Intel Core i3-10105F,4,3.7,4.4,65,,TRUE,Intel,Core i3,10105F,8938,2651,LGA 1200
Intel Core i3-10300,4,3.7,4.4,65,Intel UHD Graphics 630,TRUE,Intel,Core i3,10300,9293,2688,LGA 1200
Intel Core i3-10305,4,3.8,4.5,65,Intel UHD Graphics 630,TRUE,Intel,Core i3,10305,9535,2789,LGA 1200
Intel Core i3-10320,4,3.8,4.6,65,Intel UHD Graphics 630,TRUE,Intel,Core i3,10320,10011,2839,LGA 1200
Intel Core i3-10325,4,3.9,4.7,65,Intel UHD Graphics 630,TRUE,Intel,Core i3,10325,10291,2874,LGA 1200
Intel Core i3-12100,4,3.3,4.3,60,Intel UHD Graphics 730,TRUE,Intel,Core i3,12100,13259,3374,LGA 1700
Intel Core i3-12100F,4,3.3,4.3,58,,TRUE,Intel,Core i3,12100F,14066,3456,LGA 1700
Intel Core i3-12100T,4,2.2,4.1,35,Intel UHD Graphics 730,TRUE,Intel,Core i3,12100T,12591,3276,LGA 1700
Intel Core i3-13100,4,3.4,4.5,60,Intel UHD Graphics 730,TRUE,Intel,Core i3,13100,13556,3420,LGA 1700
Intel Core i3-13100F,4,3.4,4.5,58,,TRUE,Intel,Core i3,13100F,14657,3610,LGA 1700
Intel Core i3-13100T,4,2.5,4.2,35,Intel UHD Graphics 730,TRUE,Intel,Core i3,13100T,12924,3423,LGA 1700
Intel Core i3-14100,4,3.5,4.7,60,Intel UHD Graphics 730,TRUE,Intel,Core i3,14100,15189,3769,LGA 1700
Intel Core i3-14100F,4,3.5,4.7,110,,TRUE,Intel,Core i3,14100F,15377,3793,LGA 1700
Intel Core i3-2100,2,3.1,,65,Intel HD Graphics 2000,TRUE,Intel,Core i3,2100,1858,1418,LGA 1155
Intel Core i3-2100T,2,2.5,,35,Intel HD Graphics 2000,TRUE,Intel,Core i3,2100T,1501,1100,LGA 1155
Intel Core i3-2105,2,3.1,,65,Intel HD Graphics 3000,TRUE,Intel,Core i3,2105,1849,1421,LGA 1155
Intel Core i3-2120,2,3.3,,65,Intel HD Graphics 2000,TRUE,Intel,Core i3,2120,1959,1508,LGA 1155
Intel Core i3-2120T,2,2.6,,35,Intel HD Graphics 2000,TRUE,Intel,Core i3,2120T,1553,1167,LGA 1155
Intel Core i3-2125,2,3.3,,65,Intel HD Graphics 3000,TRUE,Intel,Core i3,2125,2090,1573,LGA 1155
Intel Core i3-2130,2,3.4,,65,Intel HD Graphics 2000,TRUE,Intel,Core i3,2130,2048,1558,LGA 1155
Intel Core i3-3210,2,3.2,,55,Intel HD Graphics 2500,TRUE,Intel,Core i3,3210,2220,1692,LGA 1155
Intel Core i3-3220,2,3.3,,55,Intel HD Graphics 2500,TRUE,Intel,Core i3,3220,2269,1725,LGA 1155
Intel Core i3-3220T,2,2.8,,35,Intel HD Graphics 2500,TRUE,Intel,Core i3,3220T,1952,1492,LGA 1155
Intel Core i3-3225,2,3.3,,55,Intel HD Graphics 4000,TRUE,Intel,Core i3,3225,2256,1707,LGA 1155
Intel Core i3-3240,2,3.4,,55,Intel HD Graphics 2500,TRUE,Intel,Core i3,3240,2339,1784,LGA 1155
Intel Core i3-3245,2,3.4,,55,Intel HD Graphics 4000,TRUE,Intel,Core i3,3245,2373,1770,LGA 1155
Intel Core i3-3250,2,3.5,,55,Intel HD Graphics 2500,TRUE,Intel,Core i3,3250,2448,1835,LGA 1155
Intel Core i3-4130,2,3.4,,54,Intel HD Graphics 4400,TRUE,Intel,Core i3,4130,3322,1883,LGA 1150
Intel Core i3-4130T,2,2.9,,35,Intel HD Graphics 4400,TRUE,Intel,Core i3,4130T,2895,1615,LGA 1150
Intel Core i3-4150,2,3.5,,54,Intel HD Graphics 4400,TRUE,Intel,Core i3,4150,3408,1941,LGA 1150
Intel Core i3-4160,2,3.6,,54,Intel HD Graphics 4400,TRUE,Intel,Core i3,4160,3512,1987,LGA 1150
Intel Core i3-4160T,2,3.1,,35,Intel HD Graphics 4400,TRUE,Intel,Core i3,4160T,3116,1752,LGA 1150
Intel Core i3-4170,2,3.7,,54,Intel HD Graphics 4400,TRUE,Intel,Core i3,4170,3594,2053,LGA 1150
Intel Core i3-4330,2,3.5,,54,Intel HD Graphics 4600,TRUE,Intel,Core i3,4330,3499,1938,LGA 1150
Intel Core i3-4340,2,3.6,,54,Intel HD Graphics 4600,TRUE,Intel,Core i3,4340,3460,1979,LGA 1150
Intel Core i3-4350,2,3.6,,54,Intel HD Graphics 4600,TRUE,Intel,Core i3,4350,3609,2010,LGA 1150
Intel Core i3-4360,2,3.7,,54,Intel HD Graphics 4600,TRUE,Intel,Core i3,4360,3655,2082,LGA 1150
Intel Core i3-4360T,2,3.2,,35,Intel HD Graphics 4600,TRUE,Intel,Core i3,4360T,3286,1873,LGA 1150
Intel Core i3-4370,2,3.8,,54,Intel HD Graphics 4600,TRUE,Intel,Core i3,4370,3867,2161,LGA 1150
Intel Core i3-530,2,2.93,,73,Intel HD Graphics,TRUE,Intel,Core i3,530,1502,1164,LGA 1156
Intel Core i3-540,2,3.06,,73,Intel HD Graphics,TRUE,Intel,Core i3,540,1543,1266,LGA 1156
Intel Core i3-550,2,3.2,,73,Intel HD Graphics,TRUE,Intel,Core i3,550,1620,1342,LGA 1156
Intel Core i3-560,2,3.333,,73,Intel HD Graphics,TRUE,Intel,Core i3,560,1627,1352,LGA 1156
Intel Core i3-6098P,2,3.6,,54,Intel HD Graphics 510,TRUE,Intel,Core i3,6098P,3995,2097,LGA 1151
Intel Core i3-6100,2,3.7,,51,Intel HD Graphics 530,TRUE,Intel,Core i3,6100,4126,2175,LGA 1151
Intel Core i3-6100T,2,3.2,,35,Intel HD Graphics 530,TRUE,Intel,Core i3,6100T,3651,1867,LGA 1151
Intel Core i3-6300,2,3.8,,51,Intel HD Graphics 530,TRUE,Intel,Core i3,6300,4336,2276,LGA 1151
Intel Core i3-6300T,2,3.3,,35,Intel HD Graphics 530,TRUE,Intel,Core i3,6300T,4002,2018,LGA 1151
Intel Core i3-6320,2,3.9,,51,Intel HD Graphics 530,TRUE,Intel,Core i3,6320,4486,2317,LGA 1151
Intel Core i3-7100,2,3.9,,51,Intel HD Graphics 630,TRUE,Intel,Core i3,7100,4321,2293,LGA 1151
Intel Core i3-7100T,2,3.4,,35,Intel HD Graphics 630,TRUE,Intel,Core i3,7100T,3773,1945,LGA 1151
Intel Core i3-7101TE,2,3.4,,35,Intel HD Graphics 610,TRUE,Intel,Core i3,7101TE,3957,2020,LGA 1151
Intel Core i3-7300,2,4,,51,Intel HD Graphics 630,TRUE,Intel,Core i3,7300,4527,2413,LGA 1151
Intel Core i3-7300T,2,3.5,,35,Intel HD Graphics 630,TRUE,Intel,Core i3,7300T,4149,2061,LGA 1151
Intel Core i3-7320,2,4.1,,51,Intel HD Graphics 630,TRUE,Intel,Core i3,7320,4829,2507,LGA 1151
Intel Core i3-7350K,2,4.2,,60,Intel HD Graphics 630,TRUE,Intel,Core i3,7350K,4943,2573,LGA 1151
Intel Core i3-8100,4,3.6,,65,Intel UHD Graphics 630,FALSE,Intel,Core i3,8100,6100,2210,LGA 1151
Intel Core i3-8100T,4,3.1,,35,Intel UHD Graphics 630,FALSE,Intel,Core i3,8100T,5281,1875,LGA 1151
Intel Core i3-8300,4,3.7,,62,Intel UHD Graphics 630,FALSE,Intel,Core i3,8300,6347,2265,LGA 1151
Intel Core i3-8300T,4,3.2,,25,Intel UHD Graphics 630,FALSE,Intel,Core i3,8300T,5581,1958,LGA 1151
Intel Core i3-8350K,4,4,,91,Intel UHD Graphics 630,FALSE,Intel,Core i3,8350K,6871,2469,LGA 1151
Intel Core i3-9100,4,3.6,4.2,65,Intel UHD Graphics 630,FALSE,Intel,Core i3,9100,6611,2474,LGA 1151
Intel Core i3-9100F,4,3.6,4.2,65,,FALSE,Intel,Core i3,9100F,6727,2494,LGA 1151
Intel Core i3-9100T,4,3.1,3.7,35,Intel UHD Graphics 630,FALSE,Intel,Core i3,9100T,5553,2098,LGA 1151
Intel Core i3-9300,4,3.7,4.3,62,Intel UHD Graphics 630,FALSE,Intel,Core i3,9300,7125,2495,LGA 1151
Intel Core i3-9320,4,3.7,4.4,62,,FALSE,Intel,Core i3,9320,7358,2711,LGA 1151
Intel Core i3-9350K,4,4,4.6,91,Intel HD Graphics 630,FALSE,Intel,Core i3,9350K,7700,2783,LGA 1151
Intel Core i3-9350KF,4,4,4.6,91,,FALSE,Intel,Core i3,9350KF,7561,2671,LGA 1151
Intel Core i5-10400,6,2.9,4.3,65,Intel UHD Graphics 630,TRUE,Intel,Core i5,10400,12090,2566,LGA 1200
Intel Core i5-10400F,6,2.9,4.3,65,,TRUE,Intel,Core i5,10400F,12160,2543,LGA 1200
Intel Core i5-10500,6,3.1,4.5,65,Intel UHD Graphics 630,TRUE,Intel,Core i5,10500,13291,2815,LGA 1200
Intel Core i5-10600,6,3.3,4.8,65,Intel UHD Graphics 630,TRUE,Intel,Core i5,10600,13642,2931,LGA 1200
Intel Core i5-10600K,6,4.1,4.8,125,Intel UHD Graphics 630,TRUE,Intel,Core i5,10600K,14283,2918,LGA 1200
Intel Core i5-10600KF,6,4.1,4.8,125,,TRUE,Intel,Core i5,10600KF,14189,2914,LGA 1200
Intel Core i5-11400,6,2.6,4.4,65,Intel UHD Graphics 730,TRUE,Intel,Core i5,11400,16968,3019,LGA 1200
Intel Core i5-11400F,6,2.6,4.4,65,,TRUE,Intel,Core i5,11400F,16971,2992,LGA 1200
Intel Core i5-11500,6,2.7,4.6,65,Intel UHD Graphics 750,TRUE,Intel,Core i5,11500,17223,3130,LGA 1200
Intel Core i5-11600,6,2.8,4.8,65,Intel UHD Graphics 750,TRUE,Intel,Core i5,11600,18011,3293,LGA 1200
Intel Core i5-11600K,6,3.9,4.9,125,Intel UHD Graphics 750,TRUE,Intel,Core i5,11600K,19556,3347,LGA 1200
Intel Core i5-11600KF,6,3.9,4.9,125,,TRUE,Intel,Core i5,11600KF,19573,3333,LGA 1200
Intel Core i5-12400,6,2.5,4.4,65,Intel UHD Graphics 730,TRUE,Intel,Core i5,12400,19251,3506,LGA 1700
Intel Core i5-12400F,6,2.5,4.4,65,,TRUE,Intel,Core i5,12400F,19486,3492,LGA 1700
Intel Core i5-12500,6,3,4.6,65,Intel UHD Graphics 770,TRUE,Intel,Core i5,12500,19862,3678,LGA 1700
Intel Core i5-12600,6,3.3,4.8,65,Intel UHD Graphics 770,TRUE,Intel,Core i5,12600,21570,3833,LGA 1700
Intel Core i5-12600K,10,3.7,4.9,150,Intel UHD Graphics 770,TRUE,Intel,Core i5,12600K,27664,3935,LGA 1700
Intel Core i5-12600KF,10,3.7,4.9,150,,TRUE,Intel,Core i5,12600KF,27877,3932,LGA 1700
Intel Core i5-13400,10,2.5,4.6,154,Intel UHD Graphics 730,TRUE,Intel,Core i5,13400,23441,3498,LGA 1700
Intel Core i5-13400F,10,2.5,4.6,148,,TRUE,Intel,Core i5,13400F,25097,3638,LGA 1700
Intel Core i5-13500,14,2.5,4.8,65,Intel UHD Graphics 770,TRUE,Intel,Core i5,13500,31635,3871,LGA 1700
Intel Core i5-13500T,14,1.6,4.6,35,Intel UHD Graphics 770,TRUE,Intel,Core i5,13500T,23050,3604,LGA 1700
Intel Core i5-13600,14,2.7,5,65,Intel UHD Graphics 770,TRUE,Intel,Core i5,13600,31711,4049,LGA 1700
Intel Core i5-13600K,14,3.5,5.1,125,Intel UHD Graphics 770,TRUE,Intel,Core i5,13600K,37783,4131,LGA 1700
Intel Core i5-13600KF,14,3.5,5.1,125,,TRUE,Intel,Core i5,13600KF,37614,4123,LGA 1700
Intel Core i5-14400,10,2.5,4.7,148,Intel UHD Graphics 730,TRUE,Intel,Core i5,14400,25364,3768,LGA 1700
Intel Core i5-14400F,10,2.5,4.7,148,,TRUE,Intel,Core i5,14400F,25664,3709,LGA 1700
Intel Core i5-14500,14,2.6,5,65,Intel UHD Graphics 770,TRUE,Intel,Core i5,14500,31402,4008,LGA 1700
Intel Core i5-14600K,14,3.5,5.3,125,Intel UHD Graphics 770,TRUE,Intel,Core i5,14600K,38668,4273,LGA 1700
Intel Core i5-14600KF,14,3.5,5.3,125,,TRUE,Intel,Core i5,14600KF,39035,4288,LGA 1700
Intel Core i5-2300,4,2.8,,95,Intel HD Graphics 2000,FALSE,Intel,Core i5,2300,3449,1431,LGA 1155
Intel Core i5-2310,4,2.9,,95,Intel HD Graphics 2000,FALSE,Intel,Core i5,2310,3657,1490,LGA 1155
Intel Core i5-2320,4,3,,95,Intel HD Graphics 2000,FALSE,Intel,Core i5,2320,3680,1523,LGA 1155
Intel Core i5-2380P,4,3.1,,95,,FALSE,Intel,Core i5,2380P,3901,1610,LGA 1155
Intel Core i5-2400,4,3.1,,95,Intel HD Graphics 2000,FALSE,Intel,Core i5,2400,3870,1578,LGA 1155
Intel Core i5-2400S,4,2.5,,65,Intel HD Graphics 2000,FALSE,Intel,Core i5,2400S,3159,1467,LGA 1155
Intel Core i5-2405S,4,2.5,,65,Intel HD Graphics 3000,FALSE,Intel,Core i5,2405S,3224,1478,LGA 1155
Intel Core i5-2450P,4,3.2,,95,,FALSE,Intel,Core i5,2450P,4273,1682,LGA 1155
Intel Core i5-2500,4,3.3,,95,Intel HD Graphics 2000,FALSE,Intel,Core i5,2500,4117,1703,LGA 1155
Intel Core i5-2500K,4,3.3,,95,Intel HD Graphics 3000,FALSE,Intel,Core i5,2500K,4122,1697,LGA 1155
Intel Core i5-2550K,4,3.4,,95,,FALSE,Intel,Core i5,2550K,4172,1760,LGA 1155
Intel Core i5-3330,4,3,,77,Intel HD Graphics 2500,FALSE,Intel,Core i5,3330,4104,1720,LGA 1155
Intel Core i5-3330S,4,2.7,3.2,65,Intel HD Graphics 2500,FALSE,Intel,Core i5,3330S,3891,1708,LGA 1155
Intel Core i5-3340,4,3.1,3.3,77,Intel HD Graphics 2500,FALSE,Intel,Core i5,3340,4230,1767,LGA 1155
Intel Core i5-3340S,4,2.8,3.3,65,Intel HD Graphics 2500,FALSE,Intel,Core i5,3340S,3947,1747,LGA 1155
Intel Core i5-3350P,4,3.1,,69,,FALSE,Intel,Core i5,3350P,4295,1792,LGA 1155
Intel Core i5-3450,4,3.1,,77,Intel HD Graphics 2500,FALSE,Intel,Core i5,3450,4508,1872,LGA 1155
Intel Core i5-3450S,4,2.8,,65,Intel HD Graphics 2500,FALSE,Intel,Core i5,3450S,4384,1869,LGA 1155
Intel Core i5-3470,4,3.2,,77,Intel HD Graphics 2500,FALSE,Intel,Core i5,3470,4673,1938,LGA 1155
Intel Core i5-3470S,4,2.9,,65,Intel HD Graphics 2500,FALSE,Intel,Core i5,3470S,4387,1889,LGA 1155
Intel Core i5-3550,4,3.3,,77,Intel HD Graphics 2500,FALSE,Intel,Core i5,3550,4796,1988,LGA 1155
Intel Core i5-3550S,4,3,3.7,65,Intel HD Graphics 2500,FALSE,Intel,Core i5,3550S,4434,1943,LGA 1155
Intel Core i5-3570,4,3.4,,77,Intel HD Graphics 2500,FALSE,Intel,Core i5,3570,4937,2045,LGA 1155
Intel Core i5-3570K,4,3.4,,77,Intel HD Graphics 4000,FALSE,Intel,Core i5,3570K,4961,2045,LGA 1155
Intel Core i5-3570S,4,3.1,3.8,65,Intel HD Graphics 2500,FALSE,Intel,Core i5,3570S,4644,1990,LGA 1155
Intel Core i5-4430,4,3,,84,Intel HD Graphics 4600,FALSE,Intel,Core i5,4430,4661,1800,LGA 1150
Intel Core i5-4440,4,3.1,3.3,84,Intel HD Graphics 4600,FALSE,Intel,Core i5,4440,4788,1856,LGA 1150
Intel Core i5-4440S,4,2.8,3.3,65,Intel HD Graphics 4600,FALSE,Intel,Core i5,4440S,4377,1785,LGA 1150
Intel Core i5-4460,4,3.2,3.4,84,Intel HD Graphics 4600,FALSE,Intel,Core i5,4460,4903,1904,LGA 1150
Intel Core i5-4460S,4,2.9,3.4,65,Intel HD Graphics 4000,FALSE,Intel,Core i5,4460S,4623,1855,LGA 1150
Intel Core i5-4570,4,3.2,,84,Intel HD Graphics 4600,FALSE,Intel,Core i5,4570,5232,2033,LGA 1150
Intel Core i5-4570S,4,2.9,,65,Intel HD Graphics 4600,FALSE,Intel,Core i5,4570S,5027,2004,LGA 1150
Intel Core i5-4570T,2,2.9,,35,Intel HD Graphics 4600,TRUE,Intel,Core i5,4570T,3229,1910,LGA 1150
Intel Core i5-4590,4,3.3,3.7,84,Intel HD Graphics 4600,FALSE,Intel,Core i5,4590,5372,2084,LGA 1150
Intel Core i5-4590S,4,3,3.7,65,Intel HD Graphics 4000,FALSE,Intel,Core i5,4590S,5135,2044,LGA 1150
Intel Core i5-4590T,4,2,,35,Intel HD Graphics 4000,TRUE,Intel,Core i5,4590T,4061,1647,LGA 1150
Intel Core i5-4670,4,3.4,,84,Intel HD Graphics 4600,FALSE,Intel,Core i5,4670,5502,2135,LGA 1150
Intel Core i5-4670K,4,3.4,,84,Intel HD Graphics 4600,FALSE,Intel,Core i5,4670K,5573,2145,LGA 1150
Intel Core i5-4670S,4,3.1,3.8,65,Intel HD Graphics 4600,FALSE,Intel,Core i5,4670S,5211,2093,LGA 1150
Intel Core i5-4670T,4,2.3,,45,Intel HD Graphics 4600,FALSE,Intel,Core i5,4670T,4449,1772,LGA 1150
Intel Core i5-4690,4,3.5,3.9,84,Intel HD Graphics 4600,FALSE,Intel,Core i5,4690,5570,2189,LGA 1150
Intel Core i5-4690K,4,3.5,3.9,88,Intel HD Graphics 4600,FALSE,Intel,Core i5,4690K,5699,2192,LGA 1150
Intel Core i5-4690S,4,3.2,3.9,65,Intel HD Graphics 4600,FALSE,Intel,Core i5,4690S,5529,2203,LGA 1150
Intel Core i5-5675C,4,3.1,3.6,65,Iris Pro Graphics 6200,FALSE,Intel,Core i5,5675C,5643,2221,LGA 1150
Intel Core i5-6400,4,2.7,3.3,65,Intel HD Graphics 530,FALSE,Intel,Core i5,6400,5170,1954,LGA 1151
Intel Core i5-6400T,4,2.2,2.8,35,Intel HD Graphics 530,FALSE,Intel,Core i5,6400T,4269,1625,LGA 1151
Intel Core i5-6402P,4,2.8,3.4,65,Intel HD Graphics 510,FALSE,Intel,Core i5,6402P,5366,2002,LGA 1151
Intel Core i5-650,2,3.2,,73,Intel HD Graphics,TRUE,Intel,Core i5,650,2259,1366,LGA 1156
Intel Core i5-6500,4,3.2,3.6,65,Intel HD Graphics 530,FALSE,Intel,Core i5,6500,5624,2104,LGA 1151
Intel Core i5-6500T,4,2.5,3.1,35,Intel HD Graphics 530,FALSE,Intel,Core i5,6500T,4766,1780,LGA 1151
Intel Core i5-655K,2,3.2,,73,Intel HD Graphics,TRUE,Intel,Core i5,655K,2017,1446,LGA 1156
Intel Core i5-660,2,3.33,,73,Intel HD Graphics,TRUE,Intel,Core i5,660,2411,1432,LGA 1156
Intel Core i5-6600,4,3.3,3.9,65,Intel HD Graphics 530,FALSE,Intel,Core i5,6600,6058,2256,LGA 1151
Intel Core i5-6600K,4,3.5,3.9,91,Intel HD Graphics 530,FALSE,Intel,Core i5,6600K,6307,2319,LGA 1151
Intel Core i5-6600T,4,2.7,3.5,35,Intel HD Graphics 530,FALSE,Intel,Core i5,6600T,5593,2049,LGA 1151
Intel Core i5-661,2,3.33,,87,Intel HD Graphics,TRUE,Intel,Core i5,661,2478,1446,LGA 1156
Intel Core i5-670,2,3.46,,73,Intel HD Graphics,TRUE,Intel,Core i5,670,2533,1530,LGA 1156
Intel Core i5-680,2,3.6,,73,Intel HD Graphics,TRUE,Intel,Core i5,680,2647,1614,LGA 1156
Intel Core i5-7400,4,3,3.5,65,Intel HD Graphics 630,FALSE,Intel,Core i5,7400,5476,2080,LGA 1151
Intel Core i5-7400T,4,2.4,3,35,Intel HD Graphics 630,FALSE,Intel,Core i5,7400T,4693,1746,LGA 1151
Intel Core i5-750,4,2.66,,95,,FALSE,Intel,Core i5,750,2538,1232,LGA 1156
Intel Core i5-7500,4,3.4,3.8,65,Intel HD Graphics 630,FALSE,Intel,Core i5,7500,6034,2259,LGA 1151
Intel Core i5-7500T,4,2.7,3.3,35,Intel HD Graphics 630,FALSE,Intel,Core i5,7500T,5208,1913,LGA 1151
Intel Core i5-750S,4,2.4,,82,,FALSE,Intel,Core i5,750S,1326,1039,LGA 1156
Intel Core i5-760,4,2.8,,95,,FALSE,Intel,Core i5,760,2647,1295,LGA 1156
Intel Core i5-7600,4,3.5,4.1,65,Intel HD Graphics 630,FALSE,Intel,Core i5,7600,6541,2455,LGA 1151
Intel Core i5-7600K,4,3.8,4.2,91,Intel HD Graphics 630,FALSE,Intel,Core i5,7600K,6814,2547,LGA 1151
Intel Core i5-7600T,4,2.8,3.7,35,Intel HD Graphics 630,FALSE,Intel,Core i5,7600T,5852,2134,LGA 1151
Intel Core i5-7640X,4,4,4.2,112,,FALSE,Intel,Core i5,7640X,7036,2535,LGA 2066
Intel Core i5-8400,6,2.8,4,65,Intel UHD Graphics 630,FALSE,Intel,Core i5,8400,9223,2376,LGA 1151
Intel Core i5-8400T,6,1.7,3.3,35,Intel UHD Graphics 630,FALSE,Intel,Core i5,8400T,7446,1914,LGA 1151
Intel Core i5-8500,6,3,4.1,65,Intel UHD Graphics 630,FALSE,Intel,Core i5,8500,9541,2447,LGA 1151
Intel Core i5-8500T,6,2.1,3.5,35,Intel UHD Graphics 630,FALSE,Intel,Core i5,8500T,7728,2009,LGA 1151
Intel Core i5-8600,6,3.1,4.3,65,Intel UHD Graphics 630,FALSE,Intel,Core i5,8600,9949,2567,LGA 1151
Intel Core i5-8600K,6,3.6,4.3,95,Intel UHD Graphics 630,FALSE,Intel,Core i5,8600K,10170,2583,LGA 1151
Intel Core i5-8600T,6,2.3,3.7,35,Intel UHD Graphics 630,FALSE,Intel,Core i5,8600T,9305,2278,LGA 1151
Intel Core i5-9400,6,2.9,4.1,65,Intel UHD Graphics 630,FALSE,Intel,Core i5,9400,9395,2435,LGA 1151
Intel Core i5-9400F,6,2.9,4.1,65,,FALSE,Intel,Core i5,9400F,9462,2432,LGA 1151
Intel Core i5-9400T,6,1.8,3.4,35,Intel UHD Graphics 630,FALSE,Intel,Core i5,9400T,8309,2107,LGA 1151
Intel Core i5-9500,6,3,4.4,65,Intel UHD Graphics 630,FALSE,Intel,Core i5,9500,9872,2575,LGA 1151
Intel Core i5-9500F,6,3,4.4,65,,FALSE,Intel,Core i5,9500F,9932,2568,LGA 1151
Intel Core i5-9500T,6,2.2,3.7,35,Intel UHD Graphics 630,FALSE,Intel,Core i5,9500T,8194,2156,LGA 1151
Intel Core i5-9600,6,3.1,4.6,65,Intel UHD Graphics 630,FALSE,Intel,Core i5,9600,10410,2729,LGA 1151
Intel Core i5-9600K,6,3.7,4.6,95,Intel UHD Graphics 630,FALSE,Intel,Core i5,9600K,10648,2733,LGA 1151
Intel Core i5-9600KF,6,3.7,4.6,95,,FALSE,Intel,Core i5,9600KF,10673,2729,LGA 1151
Intel Core i5-9600T,6,2.3,3.9,35,Intel UHD Graphics 630,FALSE,Intel,Core i5,9600T,9655,2429,LGA 1151
Intel Core i7-10700,8,2.9,4.8,65,Intel UHD Graphics 630,TRUE,Intel,Core i7,10700,16281,2899,LGA 1200
Intel Core i7-10700F,8,2.9,4.8,65,,TRUE,Intel,Core i7,10700F,16322,2876,LGA 1200
Intel Core i7-10700K,8,3.8,5.1,125,Intel UHD Graphics 630,TRUE,Intel,Core i7,10700K,18693,3046,LGA 1200
Intel Core i7-10700K Avengers Collector's Edition,8,3.8,5.1,125,Intel UHD Graphics 630,TRUE,Intel,Core i7,10700K,18693,3046,LGA 1200
Intel Core i7-10700KF,8,3.8,5.1,125,,TRUE,Intel,Core i7,10700KF,18489,3041,LGA 1200
Intel Core i7-11700,8,2.5,4.9,65,Intel UHD Graphics 750,TRUE,Intel,Core i7,11700,20719,3267,LGA 1200
Intel Core i7-11700F,8,2.5,4.9,65,,TRUE,Intel,Core i7,11700F,20872,3278,LGA 1200
Intel Core i7-11700K,8,3.6,5,125,Intel UHD Graphics 750,TRUE,Intel,Core i7,11700K,24477,3396,LGA 1200
Intel Core i7-11700KF,8,3.6,5,125,,TRUE,Intel,Core i7,11700KF,23878,3376,LGA 1200
Intel Core i7-12700,12,2.1,4.9,65,Intel UHD Graphics 770,TRUE,Intel,Core i7,12700,30611,3896,LGA 1700
Intel Core i7-12700F,12,2.1,4.9,65,,TRUE,Intel,Core i7,12700F,30562,3862,LGA 1700
Intel Core i7-12700K,12,3.6,5,190,Intel UHD Graphics 770,TRUE,Intel,Core i7,12700K,34544,4023,LGA 1700
Intel Core i7-12700KF,12,3.6,5,190,,TRUE,Intel,Core i7,12700KF,34243,4001,LGA 1700
Intel Core i7-13700,16,2.1,5.2,65,Intel UHD Graphics 770,TRUE,Intel,Core i7,13700,36773,4112,LGA 1700
Intel Core i7-13700F,16,2.1,5.2,65,,TRUE,Intel,Core i7,13700F,38713,4125,LGA 1700
Intel Core i7-13700K,16,3.4,5.4,125,Intel UHD Graphics 770,TRUE,Intel,Core i7,13700K,46162,4347,LGA 1700
Intel Core i7-13700KF,16,3.4,5.4,125,,TRUE,Intel,Core i7,13700KF,46398,4357,LGA 1700
Intel Core i7-13700T,16,1.4,4.9,35,,TRUE,Intel,Core i7,13700T,28401,3809,LGA 1700
Intel Core i7-14700,20,2.1,5.4,65,Intel UHD Graphics 770,TRUE,Intel,Core i7,14700,42152,4271,LGA 1700
Intel Core i7-14700F,20,2.1,5.4,65,,TRUE,Intel,Core i7,14700F,42243,4258,LGA 1700
Intel Core i7-14700K,20,3.4,5.6,125,Intel UHD Graphics 770,TRUE,Intel,Core i7,14700K,52891,4479,LGA 1700
Intel Core i7-14700KF,20,3.4,5.6,125,,TRUE,Intel,Core i7,14700KF,53404,4498,LGA 1700
Intel Core i7-2600,4,3.4,,95,Intel HD Graphics 2000,TRUE,Intel,Core i7,2600,5349,1738,LGA 1155
Intel Core i7-2600K,4,3.4,,95,Intel HD Graphics 3000,TRUE,Intel,Core i7,2600K,5484,1742,LGA 1155
Intel Core i7-2600S,4,2.8,,65,Intel HD Graphics 2000,TRUE,Intel,Core i7,2600S,4615,1721,LGA 1155
Intel Core i7-2700K,4,3.5,,95,Intel HD Graphics 3000,TRUE,Intel,Core i7,2700K,5745,1823,LGA 1155
Intel Core i7-3770,4,3.4,,77,Intel HD Graphics 4000,TRUE,Intel,Core i7,3770,6416,2074,LGA 1155
Intel Core i7-3770K,4,3.5,,77,Intel HD Graphics 4000,TRUE,Intel,Core i7,3770K,6471,2071,LGA 1155
Intel Core i7-3770S,4,3.1,,65,Intel HD Graphics 4000,TRUE,Intel,Core i7,3770S,6188,2043,LGA 1155
Intel Core i7-3770T,4,2.5,3.7,45,Intel HD Graphics 4000,TRUE,Intel,Core i7,3770T,5444,1830,LGA 1155
Intel Core i7-3820,4,3.6,,130,,TRUE,Intel,Core i7,3820,5776,1744,LGA 2011
Intel Core i7-3930K,6,3.2,,130,,TRUE,Intel,Core i7,3930K,8201,1744,LGA 2011
Intel Core i7-3960X Extreme Edition,6,3.3,,130,,TRUE,Intel,Core i7,3960X,8423,1789,LGA 2011
Intel Core i7-3970X Extreme Edition,6,3.5,,150,,TRUE,Intel,Core i7,3970X,8516,1849,LGA 2011
Intel Core i7-4770,4,3.4,3.9,84,Intel HD Graphics 4600,TRUE,Intel,Core i7,4770,7060,2169,LGA 1150
Intel Core i7-4770K,4,3.5,3.9,84,Intel HD Graphics 4600,TRUE,Intel,Core i7,4770K,7131,2160,LGA 1150
Intel Core i7-4770S,4,3.1,,65,Intel HD Graphics 4600,TRUE,Intel,Core i7,4770S,6745,2118,LGA 1150
Intel Core i7-4770T,4,2.5,,45,Intel HD Graphics 4600,TRUE,Intel,Core i7,4770T,5868,1894,LGA 1150
Intel Core i7-4771,4,3.5,3.9,84,Intel HD Graphics 4600,TRUE,Intel,Core i7,4771,7119,2188,LGA 1150
Intel Core i7-4790,4,3.6,4,84,Intel HD Graphics 4600,TRUE,Intel,Core i7,4790,7265,2229,LGA 1150
Intel Core i7-4790K,4,4,4.4,88,Intel HD Graphics 4600,TRUE,Intel,Core i7,4790K,8067,2466,LGA 1150
Intel Core i7-4790S,4,3.2,4,65,Intel HD Graphics 4000,TRUE,Intel,Core i7,4790S,7002,2201,LGA 1150
Intel Core i7-4790T,4,2.7,3.9,45,,TRUE,Intel,Core i7,4790T,6360,2098,LGA 1150
Intel Core i7-4820K,4,3.7,3.9,130,,TRUE,Intel,Core i7,4820K,6488,1957,LGA 2011
Intel Core i7-4930K,6,3.4,3.9,130,,TRUE,Intel,Core i7,4930K,9384,1959,LGA 2011
Intel Core i7-4960X Extreme Edition,6,3.6,4,130,,TRUE,Intel,Core i7,4960X,10025,2072,LGA 2011
Intel Core i7-5775C,4,3.3,3.7,65,Iris Pro Graphics 6200,TRUE,Intel,Core i7,5775C,7704,2287,LGA 1150
Intel Core i7-5820K,6,3.3,3.6,140,,TRUE,Intel,Core i7,5820K,9832,1990,LGA 2011
Intel Core i7-5930K,6,3.5,3.7,140,,TRUE,Intel,Core i7,5930K,10339,2056,LGA 2011
Intel Core i7-5960X,8,3,3.5,140,,TRUE,Intel,Core i7,5960X,13041,2031,LGA 2011
Intel Core i7-6700,4,3.4,4,65,Intel HD Graphics 530,TRUE,Intel,Core i7,6700,8066,2284,LGA 1151
Intel Core i7-6700K,4,4,4.2,95,Intel HD Graphics 530,TRUE,Intel,Core i7,6700K,8939,2504,LGA 1151
Intel Core i7-6700T,4,2.8,3.6,35,Intel HD Graphics 530,TRUE,Intel,Core i7,6700T,7103,2041,LGA 1151
Intel Core i7-6800K,6,3.4,3.6,140,,TRUE,Intel,Core i7,6800K,10729,2261,LGA 2011
Intel Core i7-6850K,6,3.6,3.8,140,,TRUE,Intel,Core i7,6850K,11420,2399,LGA 2011
Intel Core i7-6900K,8,3.2,3.7,140,,TRUE,Intel,Core i7,6900K,14436,2324,LGA 2011
Intel Core i7-6950X,10,3,3.5,140,,TRUE,Intel,Core i7,6950X,17469,2332,LGA 2011
Intel Core i7-7700,4,3.6,4.2,65,Intel HD Graphics 630,TRUE,Intel,Core i7,7700,8645,2449,LGA 1151
Intel Core i7-7700K,4,4.2,4.5,95,Intel HD Graphics 630,TRUE,Intel,Core i7,7700K,9635,2713,LGA 1151
Intel Core i7-7700T,4,2.9,3.8,35,Intel HD Graphics 630,TRUE,Intel,Core i7,7700T,7581,2141,LGA 1151
Intel Core i7-7740X,4,4.3,4.5,112,,TRUE,Intel,Core i7,7740X,9612,2692,LGA 2066
Intel Core i7-7800X,6,3.5,4,140,,TRUE,Intel,Core i7,7800X,12879,2385,LGA 2066
Intel Core i7-7820X,8,3.6,4.5,140,,TRUE,Intel,Core i7,7820X,17151,2524,LGA 2066
Intel Core i7-8086K,6,4,5,95,Intel UHD Graphics 630,TRUE,Intel,Core i7,8086K,14161,2832,LGA 1151
Intel Core i7-860,4,2.8,,95,,TRUE,Intel,Core i7,860,3012,1330,LGA 1156
Intel Core i7-860S,4,2.53,,82,,TRUE,Intel,Core i7,860S,2280,1093,LGA 1156
Intel Core i7-870,4,2.93,,95,,TRUE,Intel,Core i7,870,3158,1384,LGA 1156
Intel Core i7-8700,6,3.2,4.6,65,Intel UHD Graphics 630,TRUE,Intel,Core i7,8700,12797,2635,LGA 1151
Intel Core i7-8700K,6,3.7,4.7,95,Intel UHD Graphics 630,TRUE,Intel,Core i7,8700K,13598,2723,LGA 1151
Intel Core i7-8700T,6,2.4,4,35,Intel UHD Graphics 630,TRUE,Intel,Core i7,8700T,10227,2305,LGA 1151
Intel Core i7-870S,4,2.667,,82,,TRUE,Intel,Core i7,870S,2765,1493,LGA 1156
Intel Core i7-875K,4,2.93,,95,,TRUE,Intel,Core i7,875K,3124,1351,LGA 1156
Intel Core i7-880,4,3.06,,95,,TRUE,Intel,Core i7,880,3368,1450,LGA 1156
Intel Core i7-920,4,2.66,,130,,TRUE,Intel,Core i7,920,2841,1212,LGA1366
Intel Core i7-930,4,2.8,,130,,TRUE,Intel,Core i7,930,2982,1267,LGA1366
Intel Core i7-940,4,2.93,,130,,TRUE,Intel,Core i7,940,2947,1310,LGA1366
Intel Core i7-950,4,3.06,,130,,TRUE,Intel,Core i7,950,3232,1382,LGA1366
Intel Core i7-960,4,3.2,,130,,TRUE,Intel,Core i7,960,3363,1459,LGA1366
Intel Core i7-965 Extreme Edition,4,3.2,,130,,TRUE,Intel,Core i7,965,3424,1475,LGA1366
Intel Core i7-970,6,3.2,,130,,TRUE,Intel,Core i7,970,6544,1468,LGA1366
Intel Core i7-9700,8,3,4.7,65,Intel HD Graphics 630,FALSE,Intel,Core i7,9700,13263,2769,LGA 1151
Intel Core i7-9700F,8,3,4.7,65,,FALSE,Intel,Core i7,9700F,13236,2749,LGA 1151
Intel Core i7-9700K,8,3.6,4.9,95,Intel UHD Graphics 630,FALSE,Intel,Core i7,9700K,14433,2869,LGA 1151
Intel Core i7-9700KF,8,3.6,4.9,95,,FALSE,Intel,Core i7,9700KF,14228,2867,LGA 1151
Intel Core i7-9700T,8,2,4.3,35,Intel HD Graphics 630,FALSE,Intel,Core i7,9700T,10694,2419,LGA 1151
Intel Core i7-975 Extreme Edition,4,3.33,,130,,TRUE,Intel,Core i7,975,3501,1500,LGA1366
Intel Core i7-980,6,3.333,,130,,TRUE,Intel,Core i7,980,6867,1542,LGA1366
Intel Core i7-9800X,8,3.8,4.5,165,,TRUE,Intel,Core i7,9800X,18096,2572,LGA 2066
Intel Core i7-980X Extreme Edition,6,3.33,,130,,TRUE,Intel,Core i7,980X,6828,1525,LGA1366
Intel Core i7-990X Extreme Edition,6,3.467,,130,,TRUE,Intel,Core i7,990X,7120,1573,LGA1366
Intel Core i9-10850K,10,3.6,5.2,125,Intel UHD Graphics 630,TRUE,Intel,Core i9,10850K,22216,3071,LGA 1200
Intel Core i9-10850KA Avengers Limited Edition,10,3.6,5.2,125,Intel UHD Graphics 630,TRUE,Intel,Core i9,10850KA,22216,3071,LGA 1200
Intel Core i9-10900,10,2.8,5.2,65,Intel UHD Graphics 630,TRUE,Intel,Core i9,10900,19600,3020,LGA 1200
Intel Core i9-10900F,10,2.8,5.2,65,,TRUE,Intel,Core i9,10900F,19829,3030,LGA 1200
Intel Core i9-10900K,10,3.7,5.3,125,Intel UHD Graphics 630,TRUE,Intel,Core i9,10900K,22646,3121,LGA 1200
Intel Core i9-10900KF,10,3.7,5.3,125,,TRUE,Intel,Core i9,10900KF,22439,3117,LGA 1200
Intel Core i9-10900X,10,3.7,4.7,165,,TRUE,Intel,Core i9,10900X,22466,2674,LGA 2066
Intel Core i9-10920X,12,3.5,4.8,165,,TRUE,Intel,Core i9,10920X,26105,2718,LGA 2066
Intel Core i9-10940X,14,3.3,4.8,165,,TRUE,Intel,Core i9,10940X,27874,2663,LGA 2066
Intel Core i9-10980XE,18,3,4.8,165,,TRUE,Intel,Core i9,10980XE,32388,2652,LGA 2066
Intel Core i9-11900,8,2.5,5.2,65,Intel UHD Graphics 750,TRUE,Intel,Core i9,11900,22563,3385,LGA 1200
Intel Core i9-11900F,8,2.5,5.2,65,,TRUE,Intel,Core i9,11900F,22193,3407,LGA 1200
Intel Core i9-11900K,8,3.5,5.3,125,Intel UHD Graphics 750,TRUE,Intel,Core i9,11900K,25099,3511,LGA 1200
Intel Core i9-11900KF,8,3.5,5.3,125,,TRUE,Intel,Core i9,11900KF,24844,3533,LGA 1200
Intel Core i9-12900,16,2.4,5.1,65,Intel UHD Graphics 770,TRUE,Intel,Core i9,12900,33982,4028,LGA 1700
Intel Core i9-12900F,16,2.4,5.1,65,,TRUE,Intel,Core i9,12900F,36108,4029,LGA 1700
Intel Core i9-12900K,16,3.2,5.2,241,Intel UHD Graphics 770,TRUE,Intel,Core i9,12900K,41369,4148,LGA 1700
Intel Core i9-12900KF,16,3.2,5.2,241,,TRUE,Intel,Core i9,12900KF,41080,4155,LGA 1700
Intel Core i9-12900KS,16,3.4,5.5,150,Intel UHD Graphics 770,TRUE,Intel,Core i9,12900KS,43912,4338,LGA 1700
Intel Core i9-13900,24,2,5.6,65,Intel UHD Graphics 770,TRUE,Intel,Core i9,13900,46208,4312,LGA 1700
Intel Core i9-13900F,24,2,5.6,65,,TRUE,Intel,Core i9,13900F,50476,4412,LGA 1700
Intel Core i9-13900K,24,3,5.8,125,Intel UHD Graphics 770,TRUE,Intel,Core i9,13900K,58842,4614,LGA 1700
Intel Core i9-13900KF,24,3,5.8,125,,TRUE,Intel,Core i9,13900KF,58010,4597,LGA 1700
Intel Core i9-13900KS,24,3,6,150,Intel UHD Graphics 770,TRUE,Intel,Core i9,13900KS,61286,4734,LGA 1700
Intel Core i9-13900T,24,1.1,5.3,35,Intel UHD Graphics 770,TRUE,Intel,Core i9,13900T,42746,4178,LGA 1700
Intel Core i9-14900,24,2,5.8,65,Intel UHD Graphics 770,TRUE,Intel,Core i9,14900,46719,4423,LGA 1700
Intel Core i9-14900F,24,2,5.8,65,,TRUE,Intel,Core i9,14900F,46731,4491,LGA 1700
Intel Core i9-14900K,24,3.2,6,125,Intel UHD Graphics 770,TRUE,Intel,Core i9,14900K,59317,4714,LGA 1700
Intel Core i9-14900KF,24,3.2,6,125,,TRUE,Intel,Core i9,14900KF,58970,4696,LGA 1700
Intel Core i9-14900KS,24,3.2,6.2,150,Intel UHD Graphics 770,TRUE,Intel,Core i9,14900KS,61539,4850,LGA 1700
Intel Core i9-7900X,10,3.3,4.5,140,,TRUE,Intel,Core i9,7900X,21032,2549,LGA 2066
Intel Core i9-7920X,12,2.9,4.4,140,,TRUE,Intel,Core i9,7920X,23689,2497,LGA 2066
Intel Core i9-7940X,14,3.1,4.4,165,,TRUE,Intel,Core i9,7940X,25701,2491,LGA 2066
Intel Core i9-7960X,16,2.8,4.4,165,,TRUE,Intel,Core i9,7960X,28422,2457,LGA 2066
Intel Core i9-7980XE,18,2.6,4.4,165,,TRUE,Intel,Core i9,7980XE,29924,2458,LGA 2066
Intel Core i9-9820X,10,3.3,4.1,165,,TRUE,Intel,Core i9,9820X,20410,2459,LGA 2066
Intel Core i9-9900,8,3.1,5,65,Intel UHD Graphics 630,TRUE,Intel,Core i9,9900,16383,2817,LGA 1151
Intel Core i9-9900K,8,3.6,5,95,Intel UHD Graphics 630,TRUE,Intel,Core i9,9900K,18204,2923,LGA 1151
Intel Core i9-9900K (Standard Folding Box),8,3.6,5,95,Intel UHD Graphics 630,TRUE,Intel,Core i9,9900K,18204,2923,LGA 1151
Intel Core i9-9900KF,8,3.6,5,95,,TRUE,Intel,Core i9,9900KF,18189,2919,LGA 1151
Intel Core i9-9900KS,8,4,5,127,Intel UHD Graphics 630,TRUE,Intel,Core i9,9900KS,19447,3034,LGA 1151
Intel Core i9-9900T,8,2.1,4.4,35,Intel UHD Graphics 630,TRUE,Intel,Core i9,9900T,13161,2462,LGA 1151
Intel Core i9-9900X,10,3.5,4.4,165,,TRUE,Intel,Core i9,9900X,21684,2554,LGA 2066
Intel Core i9-9920X,12,3.5,4.4,165,,TRUE,Intel,Core i9,9920X,25097,2634,LGA 2066
Intel Core i9-9940X,14,3.3,4.4,165,,TRUE,Intel,Core i9,9940X,28146,2630,LGA 2066
Intel Core i9-9960X,16,3.1,4.4,165,,TRUE,Intel,Core i9,9960X,30298,2593,LGA 2066
Intel Core i9-9980XE,18,3,4.4,165,,TRUE,Intel,Core i9,9980XE,31784,2559,LGA 2066
Intel Pentium E2140,2,1.6,,65,,FALSE,Intel,Pentium,E2140,539,599,LGA 775
Intel Pentium E2160,2,1.8,,65,,FALSE,Intel,Pentium,E2160,651,683,LGA 775
Intel Pentium E2180,2,2,,65,,FALSE,Intel,Pentium,E2180,683,736,LGA 775
Intel Pentium E2200,2,2.2,,65,,FALSE,Intel,Pentium,E2200,757,827,LGA 775
Intel Pentium E2220,2,2.4,,65,,FALSE,Intel,Pentium,E2220,842,915,LGA 775
Intel Pentium E5200,2,2.5,,65,,FALSE,Intel,Pentium,E5200,931,997,LGA 775
Intel Pentium E5300,2,2.6,,65,,FALSE,Intel,Pentium,E5300,912,1019,LGA 775
Intel Pentium E5400,2,2.7,,65,,FALSE,Intel,Pentium,E5400,983,1078,LGA 775
Intel Pentium E5500,2,2.8,,65,,FALSE,Intel,Pentium,E5500,1041,1135,LGA 775
Intel Pentium E5700,2,3,,65,,FALSE,Intel,Pentium,E5700,1079,1182,LGA 775
Intel Pentium E5800,2,3.2,,65,,FALSE,Intel,Pentium,E5800,1174,1275,LGA 775
Intel Pentium E6300,2,2.8,,65,,FALSE,Intel,Pentium,E6300,1032,1143,LGA 775
Intel Pentium E6500,2,2.93,,65,,FALSE,Intel,Pentium,E6500,1165,1241,LGA 775
Intel Pentium E6600,2,3.06,,65,,FALSE,Intel,Pentium,E6600,1166,1222,LGA 775
Intel Pentium E6700,2,3.2,,65,,FALSE,Intel,Pentium,E6700,1203,1318,LGA 775
Intel Pentium E6800,2,3.333,,65,,FALSE,Intel,Pentium,E6800,1155,1304,LGA 775
Intel Pentium G2010,2,2.8,,55,Intel HD Graphics,FALSE,Intel,Pentium,G2010,1617,1504,LGA 1155
Intel Pentium G2020,2,2.9,,55,Intel HD Graphics,FALSE,Intel,Pentium,G2020,1694,1558,LGA 1155
Intel Pentium G2030,2,3,,55,Intel HD Graphics,FALSE,Intel,Pentium,G2030,1755,1609,LGA 1155
Intel Pentium G2120,2,3.1,,55,Intel HD Graphics,FALSE,Intel,Pentium,G2120,1896,1715,LGA 1155
Intel Pentium G2130,2,3.2,,55,Intel HD Graphics,FALSE,Intel,Pentium,G2130,1917,1736,LGA 1155
Intel Pentium G2140,2,3.3,,55,Intel HD Graphics,FALSE,Intel,Pentium,G2140,2092,1842,LGA 1155
Intel Pentium G3220,2,3,,54,Intel HD Graphics,FALSE,Intel,Pentium,G3220,1883,1687,LGA 1150
Intel Pentium G3240,2,3.1,,53,Intel HD Graphics,FALSE,Intel,Pentium,G3240,1945,1739,LGA 1150
Intel Pentium G3250,2,3.2,,53,Intel HD Graphics,FALSE,Intel,Pentium,G3250,2006,1810,LGA 1150
Intel Pentium G3250T,2,2.8,,35,Intel HD Graphics,FALSE,Intel,Pentium,G3250T,1807,1594,LGA 1150
Intel Pentium G3258,2,3.2,,53,Intel HD Graphics,FALSE,Intel,Pentium,G3258,2047,1826,LGA 1150
Intel Pentium G3260,2,3.3,,53,Intel HD Graphics,FALSE,Intel,Pentium,G3260,2104,1871,LGA 1150
Intel Pentium G3420,2,3.2,,54,Intel HD Graphics,FALSE,Intel,Pentium,G3420,1968,1773,LGA 1150
Intel Pentium G3430,2,3.3,,54,Intel HD Graphics,FALSE,Intel,Pentium,G3430,2127,1912,LGA 1150
Intel Pentium G3440,2,3.3,,53,Intel HD Graphics,FALSE,Intel,Pentium,G3440,2202,1917,LGA 1150
Intel Pentium G3450,2,3.4,,53,Intel HD Graphics,FALSE,Intel,Pentium,G3450,2178,1897,LGA 1150
Intel Pentium G3460,2,3.5,,53,Intel HD Graphics,FALSE,Intel,Pentium,G3460,2231,1986,LGA 1150
Intel Pentium G3470,2,3.6,,53,Intel HD Graphics,FALSE,Intel,Pentium,G3470,2428,2089,LGA 1150
Intel Pentium G4400,2,3.3,,54,Intel HD Graphics 510,FALSE,Intel,Pentium,G4400,2566,1994,LGA 1151
Intel Pentium G4400T,2,2.9,,35,Intel HD Graphics 510,FALSE,Intel,Pentium,G4400T,2344,1758,LGA 1151
Intel Pentium G4500,2,3.5,,51,Intel HD Graphics 530,FALSE,Intel,Pentium,G4500,2790,2152,LGA 1151
Intel Pentium G4500T,2,3,,35,Intel HD Graphics 530,FALSE,Intel,Pentium,G4500T,2399,1865,LGA 1151
Intel Pentium G4520,2,3.6,,51,Intel HD Graphics 530,FALSE,Intel,Pentium,G4520,2707,2008,LGA 1151
Intel Pentium G4560,2,3.5,,54,Intel HD Graphics 610,TRUE,Intel,Pentium,G4560,3532,2094,LGA 1151
Intel Pentium G4560T,2,2.9,,35,Intel HD Graphics 610,TRUE,Intel,Pentium,G4560T,2964,1721,LGA 1151
Intel Pentium G4600,2,3.6,,51,Intel HD Graphics 630,TRUE,Intel,Pentium,G4600,3602,2153,LGA 1151
Intel Pentium G4600T,2,3,,35,Intel HD Graphics 630,TRUE,Intel,Pentium,G4600T,3062,1775,LGA 1151
Intel Pentium G4620,2,3.7,,51,Intel HD Graphics 630,TRUE,Intel,Pentium,G4620,3757,2245,LGA 1151
Intel Pentium G620,2,2.6,,65,Intel HD Graphics,FALSE,Intel,Pentium,G620,1212,1178,LGA 1155
Intel Pentium G620T,2,2.2,,35,Intel HD Graphics,FALSE,Intel,Pentium,G620T,896,961,LGA 1155
Intel Pentium G630,2,2.7,,65,Intel HD Graphics,FALSE,Intel,Pentium,G630,1345,1250,LGA 1155
Intel Pentium G630T,2,2.3,,35,Intel HD Graphics,FALSE,Intel,Pentium,G630T,1090,1058,LGA 1155
Intel Pentium G640,2,2.8,,65,Intel HD Graphics,FALSE,Intel,Pentium,G640,1364,1301,LGA 1155
Intel Pentium G640T,2,2.4,,35,Intel HD Graphics,FALSE,Intel,Pentium,G640T,1139,1102,LGA 1155
Intel Pentium G645,2,2.9,,65,Intel HD Graphics 2500,FALSE,Intel,Pentium,G645,1437,1340,LGA 1155
Intel Pentium G6950,2,2.8,,73,Intel HD Graphics,FALSE,Intel,Pentium,G6950,1238,1109,LGA 1156
Intel Pentium G840,2,2.8,,65,Intel HD Graphics,FALSE,Intel,Pentium,G840,1304,1283,LGA 1155
Intel Pentium G850,2,2.9,,65,Intel HD Graphics,FALSE,Intel,Pentium,G850,1470,1359,LGA 1155
Intel Pentium G860,2,3,,65,Intel HD Graphics,FALSE,Intel,Pentium,G860,1491,1387,LGA 1155
Intel Pentium G870,2,3.1,,65,Intel HD Graphics,FALSE,Intel,Pentium,G870,1561,1469,LGA 1155
Intel Pentium Gold G5400,2,3.7,,54,Intel UHD Graphics 610,TRUE,Intel,Pentium Gold,G5400,3733,2189,LGA 1151
Intel Pentium Gold G5400T,2,3.1,,54,Intel UHD Graphics 610,TRUE,Intel,Pentium Gold,G5400T,3733,2189,LGA 1151
Intel Pentium Gold G5420,2,3.8,,54,Intel UHD Graphics 610,TRUE,Intel,Pentium Gold,G5420,3765,2241,LGA 1151
Intel Pentium Gold G5500,2,3.8,,54,Intel UHD Graphics 630,TRUE,Intel,Pentium Gold,G5500,3831,2249,LGA 1151
Intel Pentium Gold G5500T,2,3.2,,35,Intel UHD Graphics 630,TRUE,Intel,Pentium Gold,G5500T,3311,1951,LGA 1151
Intel Pentium Gold G5600,2,3.9,,54,Intel UHD Graphics 630,TRUE,Intel,Pentium Gold,G5600,3884,2275,LGA 1151
Intel Pentium Gold G6400,2,4,,58,Intel UHD Graphics 610,TRUE,Intel,Pentium Gold,G6400,4128,2468,LGA 1200
Intel Pentium Gold G6405,2,4.1,,58,Intel UHD Graphics 610,TRUE,Intel,Pentium Gold,G6405,4221,2500,LGA 1200
Intel Pentium Gold G6500,2,4.1,,58,Intel UHD Graphics 630,TRUE,Intel,Pentium Gold,G6500,4140,2488,LGA 1200
Intel Pentium Gold G6600,2,4.2,,58,Intel UHD Graphics 630,TRUE,Intel,Pentium Gold,G6600,4287,2531,LGA 1200
Intel Pentium Gold G6605,2,4.3,,58,Intel UHD Graphics 630,TRUE,Intel,Pentium Gold,G6605,4486,2606,LGA 1200
Intel Pentium Gold G7400,2,3.7,,46,Intel UHD Graphics 710,TRUE,Intel,Pentium Gold,G7400,6726,2996,LGA 1700
