cpu_name,cores,cpu_mark,thread_mark,tdp,socket,category
AMD Athlon 2800+,1,291,439,89,754,Desktop
AMD Athlon 64 2800+,1,295,375,89,754,Desktop
AMD Athlon 64 3100+,1,484,600,89,754,Desktop
AMD Athlon 64 3400+,1,317,547,89,754,Desktop
AMD Athlon 64 X2 Dual Core 3400+,2,531,505,89,754,Desktop
AMD Sempron 3100+,1,298,383,62,754,Desktop
AMD Sempron 3300+,1,315,394,62,754,Desktop
AMD Athlon 64 3700+,1,394,435,89,939,Desktop
AMD Athlon 64 FX-55,1,404,505,104,939,Desktop
AMD Athlon 64 FX-57,1,517,552,104,939,Desktop
AMD Athlon 64 FX-59,1,465,575,NA,939,Desktop
AMD Athlon 64 FX-60 Dual Core,2,709,912,110,939,Desktop
AMD Phenom 8250e Triple-Core,3,1084,729,65,940,Desktop
AMD Athlon X4 530,4,1786,690,25,AM1,Desktop
AMD Athlon 5150 APU,4,1400,545,25,"AM1,FS1b",Desktop
AMD Athlon 5350 APU,4,1790,699,25,"AM1,FS1B",Desktop
AMD Athlon 5370 APU,4,1927,754,25,"AM1,FS1B",Desktop
AMD Sempron 3850 APU,4,1174,449,25,"AM1,FS1b",Desktop
AMD Sempron 2650 APU,2,551,477,25,"AM1,FSB1",Desktop
AMD Athlon 1640B,1,412,462,45,AM2,Desktop
AMD Athlon 2650e,1,274,304,15,AM2,Desktop
AMD Athlon 2850e,1,333,337,22,AM2,Desktop
AMD Athlon 5200 Dual-Core,2,869,915,75,AM2,Desktop
AMD Athlon 64 3200+,1,305,621,62,AM2,Desktop
AMD Athlon 64 3500+,1,377,576,45,AM2,Desktop
AMD Athlon 64 3800+,1,292,461,45,AM2,Desktop
AMD Athlon 64 4000+,1,340,565,62,AM2,Desktop
AMD Athlon 64 FX-62 Dual Core,2,993,1022,125,AM2,Desktop
AMD Athlon 64 X2 Dual Core 3600+,2,633,666,65,AM2,Desktop
AMD Athlon 64 X2 Dual Core 3800+,2,629,718,89,AM2,Desktop
AMD Athlon 64 X2 Dual Core 4000+,2,692,737,65,AM2,Desktop
AMD Athlon 64 X2 Dual Core 4200+,2,731,803,89,AM2,Desktop
AMD Athlon 64 X2 Dual Core 4400+,2,671,763,65,AM2,Desktop
AMD Athlon 64 X2 Dual Core 4600+,2,720,835,65,AM2,Desktop
AMD Athlon 64 X2 Dual Core 4800+,2,679,876,65,AM2,Desktop
AMD Athlon 64 X2 Dual Core 5000+,2,796,903,65,AM2,Desktop
AMD Athlon 64 X2 Dual Core 5200+,2,851,935,65,AM2,Desktop
AMD Athlon 64 X2 Dual Core 5400+,2,907,999,65,AM2,Desktop
AMD Athlon 64 X2 Dual Core 5600+,2,902,1018,89,AM2,Desktop
AMD Athlon 64 X2 Dual Core 6000+,2,936,1046,89,AM2,Desktop
AMD Athlon 64 X2 Dual Core 6400+,2,982,1131,125,AM2,Desktop
AMD Athlon 64 X2 Dual Core BE-2300,2,594,624,45,AM2,Desktop
AMD Athlon 64 X2 Dual Core BE-2350,2,573,674,45,AM2,Desktop
AMD Athlon Dual Core 4050e,2,674,751,45,AM2,Desktop
AMD Athlon Dual Core 4450e,2,710,802,45,AM2,Desktop
AMD Athlon Dual Core 4850e,2,783,903,45,AM2,Desktop
AMD Athlon Dual Core 5000B,2,856,942,65,AM2,Desktop
AMD Athlon Dual Core 5050e,2,846,917,45,AM2,Desktop
AMD Athlon Dual Core 5200B,2,823,966,65,AM2,Desktop
AMD Athlon Dual Core 5400B,2,914,985,65,AM2,Desktop
AMD Athlon II X2 4450e,2,867,1066,45,AM2,Desktop
AMD Athlon LE-1600,1,412,430,45,AM2,Desktop
AMD Athlon LE-1620,1,421,475,45,AM2,Desktop
AMD Athlon LE-1640,1,430,489,45,AM2,Desktop
AMD Athlon LE-1660,1,416,428,45,AM2,Desktop
AMD Athlon X2 Dual Core BE-2300,2,570,644,45,AM2,Desktop
AMD Athlon X2 Dual Core BE-2350,2,591,705,45,AM2,Desktop
AMD Athlon64 X2 Dual Core 4600+,2,803,755,110,AM2,Desktop
AMD Sempron 2800+,1,243,408,62,AM2,Desktop
AMD Sempron 3000+,1,299,530,62,AM2,Desktop
AMD Sempron 3200+,1,251,456,62,AM2,Desktop
AMD Sempron 3400+,1,292,346,62,AM2,Desktop
AMD Sempron 3500+,1,232,264,62,AM2,Desktop
AMD Sempron 3600+,1,364,377,62,AM2,Desktop
AMD Sempron 3800+,1,360,422,62,AM2,Desktop
AMD Sempron LE-1100,1,315,509,45,AM2,Desktop
AMD Sempron LE-1150,1,251,477,45,AM2,Desktop
AMD Sempron LE-1200,1,349,551,45,AM2,Desktop
AMD Sempron LE-1250,1,301,508,45,AM2,Desktop
AMD Sempron LE-1300,1,417,614,45,AM2,Desktop
Athlon 64 Dual Core 5600+,2,875,993,65,AM2,Desktop
Athlon Dual Core 4050e,2,670,744,45,AM2,Desktop
Athlon Dual Core 4450e,2,681,792,45,AM2,Desktop
Athlon Dual Core 4850e,2,769,861,45,AM2,Desktop
AMD Athlon 5000 Dual-Core,2,872,898,65,"AM2,AM2+",Desktop
AMD Phenom X3 8550,3,1151,856,95,AM2/AM2+,Desktop
AMD Athlon 7450 Dual-Core,2,789,853,95,AM2+,Desktop
AMD Athlon 7550 Dual-Core,2,900,934,95,AM2+,Desktop
AMD Athlon 7750 Dual-Core,2,994,1047,95,AM2+,Desktop
AMD Athlon 7850 Dual-Core,2,1058,1118,95,AM2+,Desktop
AMD Athlon Dual Core 4450B,2,711,792,45,AM2+,Desktop
AMD Athlon Dual Core 4850B,2,727,887,45,AM2+,Desktop
AMD Athlon Dual Core 5600B,2,737,1003,65,AM2+,Desktop
AMD Phenom 8400 Triple-Core,3,1164,819,95,AM2+,Desktop
AMD Phenom 8450 Triple-Core,3,1221,836,95,AM2+,Desktop
AMD Phenom 8450e Triple-Core,3,1206,824,65,AM2+,Desktop
AMD Phenom 8600 Triple-Core,3,1267,921,95,AM2+,Desktop
AMD Phenom 8600B Triple-Core,3,1464,969,95,AM2+,Desktop
AMD Phenom 8650 Triple-Core,3,1218,865,95,AM2+,Desktop
AMD Phenom 8750 Triple-Core,3,1445,976,95,AM2+,Desktop
AMD Phenom 8750B Triple-Core,3,1188,901,95,AM2+,Desktop
AMD Phenom 8850 Triple-Core,3,1142,982,95,AM2+,Desktop
AMD Phenom 9100e Quad-Core,4,1279,734,65,AM2+,Desktop
AMD Phenom 9150e Quad-Core,4,1414,721,65,AM2+,Desktop
AMD Phenom 9350e Quad-Core,4,1590,795,65,AM2+,Desktop
AMD Phenom 9450e Quad-Core,4,1455,841,65,AM2+,Desktop
AMD Phenom 9500 Quad-Core,4,1564,864,95,AM2+,Desktop
AMD Phenom 9550 Quad-Core,4,1656,862,95,AM2+,Desktop
AMD Phenom 9600 Quad-Core,4,1607,892,95,AM2+,Desktop
AMD Phenom 9600B Quad-Core,4,1842,937,95,AM2+,Desktop
AMD Phenom 9650 Quad-Core,4,1739,909,95,AM2+,Desktop
AMD Phenom 9750 Quad-Core,4,1843,949,125,AM2+,Desktop
AMD Phenom 9750B Quad-Core,4,1520,913,95,AM2+,Desktop
AMD Phenom 9850 Quad-Core,4,1712,938,125,AM2+,Desktop
AMD Phenom 9950 Quad-Core,4,1884,1027,125,AM2+,Desktop
AMD Phenom FX-5000 Quad-Core,4,1599,826,65,AM2+,Desktop
AMD Phenom II X4 920,4,2181,1133,125,AM2+,Desktop
AMD Phenom II X4 940,4,2358,1213,125,AM2+,Desktop
AMD Phenom X4 Quad-Core GP-9500,4,1297,711,95,AM2+,Desktop
AMD Phenom X4 Quad-Core GP-9600,4,1649,764,95,AM2+,Desktop
AMD Phenom II X4 B70,4,2303,1209,65,AM2+ (938-pin),Desktop
AMD Athlon II X4 655,4,2078,1473,95,AM2+ (940-pin),Desktop
AMD Phenom X4 Quad-Core GP-9530,4,1228,417,NA,AM2+ (940-pin),Desktop
AMD Phenom X4 Quad-Core GP-9730,4,1784,957,NA,AM2+ (940-pin),Desktop
AMD Athlon II 170u,1,355,731,20,"AM2+,AM3",Desktop
AMD Phenom II X6 1405T,6,3335,1247,95,"AM2+,AM3",Desktop
AMD Athlon II X2 245,2,1116,1131,65,AM2+/AM3,Desktop
AMD Phenom II X2 511,2,1265,1295,65,AM2+/AM3,Desktop
AMD Phenom II X2 521,2,1374,1409,65,AM2+/AM3,Desktop
AMD Phenom II X2 545,2,1222,1183,80,AM2+/AM3,Desktop
AMD Phenom II X2 550,2,1150,1225,80,AM2+/AM3,Desktop
AMD Phenom II X2 555,2,1296,1307,80,AM2+/AM3,Desktop
AMD Phenom II X2 560,2,1381,1365,80,AM2+/AM3,Desktop
AMD Phenom II X2 565,2,1442,1376,80,AM2+/AM3,Desktop
AMD Phenom II X2 B59,2,1396,1368,80,AM2+/AM3,Desktop
AMD Phenom II X3 B77,3,1844,1310,95,AM2+/AM3,Desktop
AMD Phenom II X4 830,4,2072,1083,95,AM2+/AM3,Desktop
AMD Phenom II X4 840,4,2425,1299,95,AM2+/AM3,Desktop
AMD Phenom II X4 840T,4,2360,1272,95,AM2+/AM3,Desktop
AMD Phenom II X4 850,4,2455,1251,95,AM2+/AM3,Desktop
AMD Phenom II X4 B15e,4,1825,1069,NA,AM2+/AM3,Desktop
AMD Phenom II X4 B25,4,2108,1040,NA,AM2+/AM3,Desktop
AMD Phenom II X4 B35,4,2319,1182,NA,AM2+/AM3,Desktop
AMD Phenom II X4 B50,4,2421,1288,NA,AM2+/AM3,Desktop
AMD Phenom II X4 B55,4,2584,1329,NA,AM2+/AM3,Desktop
AMD Phenom II X4 B65,4,2690,1370,NA,AM2+/AM3,Desktop
AMD Phenom II X4 B97,4,2552,1320,95,AM2+/AM3,Desktop
AMD Athlon II X2 210e,2,1105,1105,45,AM3,Desktop
AMD Athlon II X2 215,2,973,1023,65,AM3,Desktop
AMD Athlon II X2 220,2,1042,1091,65,AM3,Desktop
AMD Athlon II X2 235e,2,1079,1098,45,AM3,Desktop
AMD Athlon II X2 240,2,1049,1084,65,AM3,Desktop
AMD Athlon II X2 240e,2,1007,1097,45,AM3,Desktop
AMD Athlon II X2 245e,2,1171,1182,45,AM3,Desktop
AMD Athlon II X2 250,2,1168,1199,65,AM3,Desktop
AMD Athlon II X2 250e,2,1155,1201,45,AM3,Desktop
AMD Athlon II X2 250u,2,598,637,25,AM3,Desktop
AMD Athlon II X2 255,2,1199,1237,65,AM3,Desktop
AMD Athlon II X2 260,2,1190,1257,65,AM3,Desktop
AMD Athlon II X2 260u,2,713,716,25,AM3,Desktop
AMD Athlon II X2 265,2,1267,1336,65,AM3,Desktop
AMD Athlon II X2 270,2,1316,1363,65,AM3,Desktop
AMD Athlon II X2 270u,2,675,791,25,AM3,Desktop
AMD Athlon II X2 280,2,1355,1462,65,AM3,Desktop
AMD Athlon II X2 B22,2,1053,1129,65,AM3,Desktop
AMD Athlon II X2 B24,2,1105,1184,65,AM3,Desktop
AMD Athlon II X2 B28,2,1276,1348,65,AM3,Desktop
AMD Athlon II X3 400e,3,1320,908,45,AM3,Desktop
AMD Athlon II X3 405e,3,1331,973,45,AM3,Desktop
AMD Athlon II X3 415e,3,1441,1028,45,AM3,Desktop
AMD Athlon II X3 420e,3,1557,1058,45,AM3,Desktop
AMD Athlon II X3 425,3,1576,1084,95,AM3,Desktop
AMD Athlon II X3 435,3,1625,1160,95,AM3,Desktop
AMD Athlon II X3 440,3,1719,1193,95,AM3,Desktop
AMD Athlon II X3 445,3,1822,1268,95,AM3,Desktop
AMD Athlon II X3 450,3,1861,1300,95,AM3,Desktop
AMD Athlon II X3 455,3,1891,1332,95,AM3,Desktop
AMD Athlon II X3 460,3,2008,1395,95,AM3,Desktop
AMD Athlon II X4 557,4,2567,1345,160,AM3,Desktop
AMD Athlon II X4 600e,4,1795,913,45,AM3,Desktop
AMD Athlon II X4 605e,4,1966,999,45,AM3,Desktop
AMD Athlon II X4 610e,4,1959,1039,45,AM3,Desktop
AMD Athlon II X4 615e,4,2000,1037,45,AM3,Desktop
AMD Athlon II X4 620,4,2021,1062,95,AM3,Desktop
AMD Athlon II X4 630,4,2162,1129,95,AM3,Desktop
AMD Athlon II X4 635,4,2237,1168,95,AM3,Desktop
AMD Athlon II X4 640,4,2254,1212,95,AM3,Desktop
AMD Athlon II X4 645,4,2359,1257,95,AM3,Desktop
AMD Phenom FX-5200 Quad-Core,4,1699,919,65,AM3,Desktop
AMD Phenom II X2 570,2,1408,1409,80,AM3,Desktop
AMD Phenom II X2 B53,2,1137,1161,80,AM3,Desktop
AMD Phenom II X2 B55,2,1183,1201,80,AM3,Desktop
AMD Phenom II X3 700e,3,1451,961,65,AM3,Desktop
AMD Phenom II X3 705e,3,1222,962,65,AM3,Desktop
AMD Phenom II X3 710,3,1571,1067,95,AM3,Desktop
AMD Phenom II X3 720,3,1593,1107,95,AM3,Desktop
AMD Phenom II X3 B73,3,1538,1056,95,AM3,Desktop
AMD Phenom II X3 B75,3,1781,1256,95,AM3,Desktop
AMD Phenom II X4 805,4,1959,1017,95,AM3,Desktop
AMD Phenom II X4 810,4,1999,1037,95,AM3,Desktop
AMD Phenom II X4 820,4,2081,1121,95,AM3,Desktop
AMD Phenom II X4 900e,4,1505,917,65,AM3,Desktop
AMD Phenom II X4 905e,4,1936,1012,65,AM3,Desktop
AMD Phenom II X4 910,4,1776,988,95,AM3,Desktop
AMD Phenom II X4 910e,4,2131,1079,65,AM3,Desktop
AMD Phenom II X4 925,4,2278,1150,95,AM3,Desktop
AMD Phenom II X4 945,4,2406,1234,125,AM3,Desktop
AMD Phenom II X4 955,4,2531,1296,125,AM3,Desktop
AMD Phenom II X4 960T,4,2375,1304,95,AM3,Desktop
AMD Phenom II X4 965,4,2650,1364,125,AM3,Desktop
AMD Phenom II X4 970,4,2750,1416,125,AM3,Desktop
AMD Phenom II X4 975,4,2610,1344,125,AM3,Desktop
AMD Phenom II X4 980,4,2839,1511,125,AM3,Desktop
AMD Phenom II X4 B93,4,2159,1142,95,AM3,Desktop
AMD Phenom II X4 B95,4,2427,1243,95,AM3,Desktop
AMD Phenom II X6 1035T,6,3014,1224,95,AM3,Desktop
AMD Phenom II X6 1045T,6,3227,1285,95,AM3,Desktop
AMD Phenom II X6 1055T,6,3340,1328,125,AM3,Desktop
AMD Phenom II X6 1065T,6,3380,1362,95,AM3,Desktop
AMD Phenom II X6 1075T,6,3470,1385,125,AM3,Desktop
AMD Phenom II X6 1090T,6,3790,1453,125,AM3,Desktop
AMD Phenom II X6 1100T,6,3899,1498,125,AM3,Desktop
AMD Sempron 140,1,486,1037,45,AM3,Desktop
AMD Sempron 145,1,518,1015,45,AM3,Desktop
AMD Sempron 150,1,597,1117,45,AM3,Desktop
AMD FX-4100 Quad-Core,2,2615,1286,95,AM3+,Desktop
AMD FX-4130 Quad-Core,2,2703,1342,125,AM3+,Desktop
AMD FX-4150 Quad-Core,4,3327,1465,125,AM3+,Desktop
AMD FX-4170 Quad-Core,2,3047,1469,125,AM3+,Desktop
AMD FX-4200 Quad-Core,4,3119,1313,125,AM3+,Desktop
AMD FX-4300 Quad-Core,2,2980,1476,95,AM3+,Desktop
AMD FX-4320,2,3150,1564,95,AM3+,Desktop
AMD FX-4330,2,3146,1563,95,AM3+,Desktop
AMD FX-4350 Quad-Core,2,3279,1604,125,AM3+,Desktop
AMD FX-6100 Six-Core,3,3698,1318,95,AM3+,Desktop
AMD FX-6120 Six-Core,3,3909,1413,95,AM3+,Desktop
AMD FX-6130 Six-Core,3,4353,1390,125,AM3+,Desktop
AMD FX-6200 Six-Core,3,4075,1400,125,AM3+,Desktop
AMD FX-6300 Six-Core,3,4213,1486,95,AM3+,Desktop
AMD FX-6330 Six-Core,3,4433,1531,95,AM3+,Desktop
AMD FX-6350 Six-Core,3,4619,1575,125,AM3+,Desktop
AMD FX-8100 Eight-Core,4,4073,1154,95,AM3+,Desktop
AMD FX-8120 Eight-Core,4,4630,1331,125,AM3+,Desktop
AMD FX-8140 Eight-Core,4,4860,1273,95,AM3+,Desktop
AMD FX-8150 Eight-Core,4,5291,1433,125,AM3+,Desktop
AMD FX-8300 Eight-Core,4,5336,1489,95,AM3+,Desktop
AMD FX-8310 Eight-Core,4,5065,1409,95,AM3+,Desktop
AMD FX-8320 Eight-Core,4,5442,1465,125,AM3+,Desktop
AMD FX-8320E Eight-Core,4,5106,1432,95,AM3+,Desktop
AMD FX-8350 Eight-Core,4,6071,1581,125,AM3+,Desktop
AMD FX-8370 Eight-Core,4,6148,1619,125,AM3+,Desktop
AMD FX-8370E Eight-Core,4,5329,1467,95,AM3+,Desktop
AMD FX-9370 Eight-Core,4,6301,1696,220,AM3+,Desktop
AMD FX-9590 Eight-Core,4,6776,1811,220,AM3+,Desktop
AMD FX-B4150 Quad-Core,2,3369,1425,95,AM3+,Desktop
AMD A10-9700,4,3552,1618,65,AM4,Desktop
AMD A10-9700E,4,3242,1505,35,AM4,Desktop
AMD A12-9800,2,3635,1682,65,AM4,Desktop
AMD A12-9800E,4,3471,1617,35,AM4,Desktop
AMD A6-9500,2,1877,1629,65,AM4,Desktop
AMD A6-9500E,2,1725,1369,35,AM4,Desktop
AMD A8-9600,4,3304,1486,65,AM4,Desktop
AMD Athlon 200GE,2,4110,1793,35,AM4,Desktop
AMD Athlon 240GE,2,4539,1950,35,AM4,Desktop
AMD Athlon 3000G,2,4457,1968,35,AM4,Desktop
AMD Athlon 300GE,2,4301,1872,35,AM4,Desktop
AMD Athlon 320GE,2,4399,1929,35,AM4,Desktop
AMD Athlon Gold 3150G,4,6922,2212,65,AM4,Desktop
AMD Athlon Gold PRO 3150G,4,5698,2088,65,AM4,Desktop
AMD Athlon Gold PRO 3150GE,4,7006,2165,35,AM4,Desktop
AMD Athlon PRO 200GE,2,3766,1752,35,AM4,Desktop
AMD Athlon PRO 300GE,2,4327,1909,35,AM4,Desktop
AMD Athlon Silver PRO 3125GE,2,4633,2074,35,AM4,Desktop
AMD Athlon X4 950,4,3598,1637,65,AM4,Desktop
AMD Athlon X4 970,4,3472,1616,65,AM4,Desktop
AMD PRO A10-8770,4,3574,1596,65,AM4,Desktop
AMD PRO A10-8770E,4,3015,1442,35,AM4,Desktop
AMD PRO A10-9700,2,3640,1643,65,AM4,Desktop
AMD PRO A10-9700E,2,3014,1434,35,AM4,Desktop
AMD PRO A12-8870,4,3888,1784,65,AM4,Desktop
AMD PRO A12-8870E,4,3021,1443,35,AM4,Desktop
AMD PRO A12-9800,4,3705,1686,65,AM4,Desktop
AMD PRO A12-9800E,4,3094,1485,35,AM4,Desktop
AMD PRO A6-8570,2,1906,1646,65,AM4,Desktop
AMD PRO A6-9500,2,1784,1520,65,AM4,Desktop
AMD PRO A6-9500E,2,1689,1501,35,AM4,Desktop
AMD PRO A8-8670E,4,2989,1382,35,AM4,Desktop
AMD PRO A8-9600,2,3305,1504,65,AM4,Desktop
AMD Ryzen 3 1200,4,6269,1927,65,AM4,Desktop
AMD Ryzen 3 1300X,4,6963,2122,65,AM4,Desktop
AMD Ryzen 3 2200G,4,6754,2049,65,AM4,Desktop
AMD Ryzen 3 2200GE,4,5860,1905,35,AM4,Desktop
AMD Ryzen 3 2300X,4,7592,2354,65,AM4,Desktop
AMD Ryzen 3 3100,4,11577,2418,65,AM4,Desktop
AMD Ryzen 3 3200G,4,7111,2202,65,AM4,Desktop
AMD Ryzen 3 3200GE,4,7309,2206,35,AM4,Desktop
AMD Ryzen 3 3300X,4,12603,2670,65,AM4,Desktop
AMD Ryzen 3 4100,4,11029,2526,65,AM4,Desktop
AMD Ryzen 3 4300G,4,10106,2498,65,AM4,Desktop
AMD Ryzen 3 4300GE,4,11238,2550,35,AM4,Desktop
AMD Ryzen 3 5300G,4,12979,3045,65,AM4,Desktop
AMD Ryzen 3 5300GE,4,13074,3098,35,AM4,Desktop
AMD Ryzen 3 PRO 1200,4,5808,1815,65,AM4,Desktop
AMD Ryzen 3 PRO 1300,4,7234,2187,65,AM4,Desktop
AMD Ryzen 3 PRO 2100GE,2,4062,1809,35,AM4,Desktop
AMD Ryzen 3 PRO 2200G,4,6704,2049,65,AM4,Desktop
AMD Ryzen 3 PRO 2200GE,4,6445,2062,35,AM4,Desktop
AMD Ryzen 3 PRO 3200G,4,6739,2134,65,AM4,Desktop
AMD Ryzen 3 PRO 4350G,4,10918,2546,65,AM4,Desktop
AMD Ryzen 3 PRO 4350GE,4,10944,2522,35,AM4,Desktop
AMD Ryzen 3 PRO 4355GE,4,10559,2572,35,AM4,Desktop
AMD Ryzen 3 PRO 5350G,4,13793,3101,65,AM4,Desktop
AMD Ryzen 3 PRO 5350GE,4,12651,3090,35,AM4,Desktop
AMD Ryzen 3 PRO 5355GE,4,12761,3089,35,AM4,Desktop
AMD Ryzen 5 1400,4,7741,1890,65,AM4,Desktop
AMD Ryzen 5 1500X,4,9088,2109,65,AM4,Desktop
AMD Ryzen 5 1600,6,12274,2066,65,AM4,Desktop
AMD Ryzen 5 1600X,6,13037,2195,95,AM4,Desktop
AMD Ryzen 5 2400G,4,8738,2146,65,AM4,Desktop
AMD Ryzen 5 2400GE,4,7494,2111,35,AM4,Desktop
AMD Ryzen 5 2500X,4,9455,2327,65,AM4,Desktop
AMD Ryzen 5 2600,6,13180,2242,65,AM4,Desktop
AMD Ryzen 5 2600E,6,11771,1992,65,AM4,Desktop
AMD Ryzen 5 2600X,6,13893,2381,95,AM4,Desktop
AMD Ryzen 5 3350G,4,9004,2253,65,AM4,Desktop
AMD Ryzen 5 3400G,4,9231,2325,65,AM4,Desktop
AMD Ryzen 5 3400GE,4,8854,2293,35,AM4,Desktop
AMD Ryzen 5 3500,6,12793,2501,65,AM4,Desktop
AMD Ryzen 5 3500X,6,13169,2503,65,AM4,Desktop
AMD Ryzen 5 3600,6,17721,2564,65,AM4,Desktop
AMD Ryzen 5 3600X,6,18174,2651,95,AM4,Desktop
AMD Ryzen 5 3600XT,6,18619,2757,95,AM4,Desktop
AMD Ryzen 5 4400G,6,17160,2711,65,AM4,Desktop
AMD Ryzen 5 4500,6,16125,2598,65,AM4,Desktop
AMD Ryzen 5 4600G,6,16040,2658,65,AM4,Desktop
AMD Ryzen 5 4600GE,6,15768,2626,35,AM4,Desktop
AMD Ryzen 5 5500,6,19350,3056,65,AM4,Desktop
AMD Ryzen 5 5500GT,6,20266,3225,65,AM4,Desktop
AMD Ryzen 5 5600,6,21565,3258,65,AM4,Desktop
AMD Ryzen 5 5600G,6,19829,3188,65,AM4,Desktop
AMD Ryzen 5 5600GE,6,18622,3221,35,AM4,Desktop
AMD Ryzen 5 5600GT,6,20288,3338,65,AM4,Desktop
AMD Ryzen 5 5600T,6,21970,3359,65,AM4,Desktop
AMD Ryzen 5 5600X,6,21876,3363,65,AM4,Desktop
AMD Ryzen 5 5600X3D,6,21914,3190,105,AM4,Desktop
AMD Ryzen 5 5600XT,6,22221,3442,65,AM4,Desktop
AMD Ryzen 5 PRO 1500,4,9099,2129,65,AM4,Desktop
AMD Ryzen 5 PRO 1600,6,11544,1941,65,AM4,Desktop
AMD Ryzen 5 PRO 2400G,4,8546,2151,65,AM4,Desktop
AMD Ryzen 5 PRO 2400GE,4,7691,2116,35,AM4,Desktop
AMD Ryzen 5 PRO 2600,6,13407,2267,65,AM4,Desktop
AMD Ryzen 5 PRO 3350G,4,9233,2283,65,AM4,Desktop
AMD Ryzen 5 PRO 3400G,4,9092,2297,65,AM4,Desktop
AMD Ryzen 5 PRO 3400GE,4,8144,2209,35,AM4,Desktop
AMD Ryzen 5 PRO 3600,6,17427,2497,65,AM4,Desktop
AMD Ryzen 5 PRO 4650G,6,16139,2652,65,AM4,Desktop
AMD Ryzen 5 PRO 4650GE,6,15503,2618,35,AM4,Desktop
AMD Ryzen 5 PRO 4655G,6,16132,2686,65,AM4,Desktop
AMD Ryzen 5 PRO 4655GE,6,14436,2662,35,AM4,Desktop
AMD Ryzen 5 PRO 5645,6,21904,3441,NA,AM4,Desktop
AMD Ryzen 5 PRO 5650G,6,20704,3248,65,AM4,Desktop
AMD Ryzen 5 PRO 5650GE,6,18348,3183,35,AM4,Desktop
AMD Ryzen 5 PRO 5655G,6,19949,3255,65,AM4,Desktop
AMD Ryzen 5 PRO 5655GE,6,17049,3221,35,AM4,Desktop
AMD Ryzen 7 1700,8,14799,2000,65,AM4,Desktop
AMD Ryzen 7 1700X,8,15656,2102,95,AM4,Desktop
AMD Ryzen 7 1800X,8,16340,2197,95,AM4,Desktop
AMD Ryzen 7 2700,8,15689,2177,65,AM4,Desktop
AMD Ryzen 7 2700E,8,14657,2410,45,AM4,Desktop
AMD Ryzen 7 2700X,8,17498,2420,105,AM4,Desktop
AMD Ryzen 7 3700X,8,22499,2658,65,AM4,Desktop
AMD Ryzen 7 3800X,8,23103,2716,105,AM4,Desktop
AMD Ryzen 7 3800XT,8,23590,2803,105,AM4,Desktop
AMD Ryzen 7 4700G,8,20135,2737,65,AM4,Desktop
AMD Ryzen 7 4700GE,8,19770,2678,35,AM4,Desktop
AMD Ryzen 7 5700,8,24327,3288,65,AM4,Desktop
AMD Ryzen 7 5700G,8,24509,3285,65,AM4,Desktop
AMD Ryzen 7 5700GE,8,22250,3358,35,AM4,Desktop
AMD Ryzen 7 5700X,8,26636,3382,65,AM4,Desktop
AMD Ryzen 7 5700X3D,8,26330,2971,105,AM4,Desktop
AMD Ryzen 7 5800,8,25742,3387,65,AM4,Desktop
AMD Ryzen 7 5800X,8,27794,3445,105,AM4,Desktop
AMD Ryzen 7 5800X3D,8,28304,3233,105,AM4,Desktop
AMD Ryzen 7 5800XT,8,28213,3561,105,AM4,Desktop
AMD Ryzen 7 PRO 1700,8,14696,2026,65,AM4,Desktop
AMD Ryzen 7 PRO 1700X,8,15625,2142,95,AM4,Desktop
AMD Ryzen 7 PRO 2700,8,15308,2197,65,AM4,Desktop
AMD Ryzen 7 PRO 2700X,8,16971,2275,105,AM4,Desktop
AMD Ryzen 7 PRO 3700,8,22854,2683,65,AM4,Desktop
AMD Ryzen 7 PRO 4700G,8,19439,2691,65,AM4,Desktop
AMD Ryzen 7 PRO 4750G,8,20373,2715,65,AM4,Desktop
AMD Ryzen 7 PRO 4750GE,8,18450,2685,35,AM4,Desktop
AMD Ryzen 7 PRO 5750G,8,24343,3319,65,AM4,Desktop
AMD Ryzen 7 PRO 5750GE,8,21704,3297,35,AM4,Desktop
AMD Ryzen 7 PRO 5755GE,8,21345,3363,35,AM4,Desktop
AMD Ryzen 7 PRO 5845,8,26043,3442,65,AM4,Desktop
AMD Ryzen 9 3900,12,30713,2617,65,AM4,Desktop
AMD Ryzen 9 3900X,12,32592,2705,105,AM4,Desktop
AMD Ryzen 9 3900XT,12,32652,2747,105,AM4,Desktop
AMD Ryzen 9 3950X,16,38676,2705,105,AM4,Desktop
AMD Ryzen 9 5900,12,34254,3446,65,AM4,Desktop
AMD Ryzen 9 5900X,12,39061,3470,105,AM4,Desktop
AMD Ryzen 9 5900XT,16,43797,3403,105,AM4,Desktop
AMD Ryzen 9 5950X,16,45525,3469,105,AM4,Desktop
[5-Way CPU] AMD Ryzen 9 5950X,16,13220,2972,105,AM4,Desktop
AMD Ryzen 9 PRO 3900,12,31289,2641,65,AM4,Desktop
AMD Ryzen 9 PRO 5945,12,34362,3493,65,AM4,Desktop
AMD Ryzen 3 8300G,4,14374,3873,65,AM5,Desktop
AMD Ryzen 3 PRO 8300G,4,14539,3842,65,AM5,Desktop
AMD Ryzen 3 PRO 8300GE,4,14719,3893,35,AM5,Desktop
AMD Ryzen 5 7600X,6,28455,4139,105,AM5,Desktop
AMD Ryzen 5 7600X3D,6,25753,3602,65,AM5,Desktop
AMD Ryzen 5 8400F,6,24354,3674,65,AM5,Desktop
AMD Ryzen 5 8500G,6,21674,3896,65,AM5,Desktop
AMD Ryzen 5 8500GE,6,20571,3923,35,AM5,Desktop
AMD Ryzen 5 8600G,6,25350,3881,65,AM5,Desktop
AMD Ryzen 5 9600X,6,30042,4577,65,AM5,Desktop
AMD Ryzen 5 PRO 8500G,6,22132,3988,65,AM5,Desktop
AMD Ryzen 5 PRO 8500GE,6,21895,3970,35,AM5,Desktop
AMD Ryzen 5 PRO 8600G,6,25303,3915,65,AM5,Desktop
AMD Ryzen 5 PRO 8600GE,6,24249,3917,35,AM5,Desktop
AMD Ryzen 7 7700,8,34555,4065,65,AM5,Desktop
AMD Ryzen 7 7700X,8,35890,4193,105,AM5,Desktop
AMD Ryzen 7 7800X3D,8,34261,3754,120,AM5,Desktop
AMD Ryzen 7 8700F,8,31484,3903,65,AM5,Desktop
AMD Ryzen 7 8700G,8,31443,3898,65,AM5,Desktop
AMD Ryzen 7 9700X,8,37139,4653,65,AM5,Desktop
AMD Ryzen 7 9800X3D,8,40080,4432,120,AM5,Desktop
AMD Ryzen 7 PRO 8700G,8,31195,3915,65,AM5,Desktop
AMD Ryzen 7 PRO 8700GE,8,28180,3746,35,AM5,Desktop
AMD Ryzen 9 7900,12,48583,4141,65,AM5,Desktop
AMD Ryzen 9 7900X,12,51524,4245,170,AM5,Desktop
AMD Ryzen 9 7950X,16,62631,4273,170,AM5,Desktop
AMD Ryzen 9 7950X3D,16,62504,4151,120,AM5,Desktop
AMD Ryzen 9 9900X,12,54779,4677,120,AM5,Desktop
AMD Ryzen 9 9950X,16,66446,4744,170,AM5,Desktop
AMD Ryzen 5 7500F,6,26850,3842,65,AM5 (LGA 1718),Desktop
AMD Ryzen 5 7600,6,27046,3908,65,AM5 (LGA 1718),Desktop
AMD Ryzen 9 7900X3D,12,50414,4132,120,AM5 (LGA 1718),Desktop
AMD Ryzen 9 7940HX,16,54252,3985,55,AM5 (LGA 1718),"Desktop, Laptop"
AMD Ryzen 7 PRO 7745,8,34722,4076,65,AM5 (LGA 1718),"Desktop, Server"
AMD Ryzen 9 PRO 7945,12,47830,4178,65,AM5 (LGA 1718),"Desktop, Server"
AMD E2-9030,2,983,860,NA,BGA (FT4),Desktop
Intel Core i3-3229Y @ 1.40GHz,2,1008,692,13,BGA1023,Desktop
Intel Core i5-2415M @ 2.30GHz,2,1951,1208,35,BGA1023,Desktop
Intel Core i5-2515E @ 2.50GHz,2,1882,1189,35,BGA1023,Desktop
Intel Core i5-3339Y @ 1.50GHz,2,1589,905,13,BGA1023,Desktop
Intel Core i5-3439Y @ 1.50GHz,2,1907,1197,13,BGA1023,Desktop
Intel Core i7-2655LE @ 2.20GHz,2,1999,1231,25,BGA1023,Desktop
Intel Pentium 997 @ 1.60GHz,2,809,746,17,BGA-1023,Desktop
Intel Core i3-4010Y @ 1.30GHz,2,1358,748,11.5,BGA1168,Desktop
Intel Core i3-4020Y @ 1.50GHz,2,1470,793,11.5,BGA1168,Desktop
Intel Core i5-4200Y @ 1.40GHz,2,1558,944,11.5,BGA1168,Desktop
Intel Core i5-4210Y @ 1.50GHz,2,1535,916,11,BGA1168,Desktop
Intel Core i5-4300Y @ 1.60GHz,2,1505,1008,11.5,BGA1168,Desktop
Intel Core i7-4610Y @ 1.70GHz,2,2446,1583,11.5,BGA1168,Desktop
Intel Celeron J3060 @ 1.60GHz,2,678,635,6,BGA1170,Desktop
Intel Celeron J3160 @ 1.60GHz,4,1258,605,6,BGA1170,Desktop
Intel Core i5 E 520 @ 2.40GHz,2,1619,1032,35,BGA1288,Desktop
Intel Core i5-4200H @ 2.80GHz,2,3058,1772,47,BGA1364,Desktop
Intel Core i5-4400E @ 2.70GHz,2,3251,1804,37,BGA1364,Desktop
VIA C7-D 1800MHz,1,150,147,20,BGA400,Desktop
Intel Atom 230 @ 1.60GHz,1,169,185,4,BGA437,Desktop
Intel Atom 330 @ 1.60GHz,2,363,255,8,BGA437,Desktop
Intel Celeron 220 @ 1.20GHz,1,209,255,19,BGA479,Desktop
Intel Core Duo L2300 @ 1.50GHz,2,387,442,15,BGA479,Desktop
Intel Atom D2500 @ 1.86GHz,2,241,323,10,BGA559,Desktop
Intel Atom D2550 @ 1.86GHz,2,409,322,10,BGA559,Desktop
Intel Atom D2700 @ 2.13GHz,2,456,367,10,BGA559,Desktop
Intel Atom D410 @ 1.66GHz,1,180,241,10,BGA559,Desktop
Intel Atom D425 @ 1.80GHz,1,204,271,10,BGA559,Desktop
Intel Atom D510 @ 1.66GHz,2,406,293,13,BGA559,Desktop
Intel Atom D525 @ 1.80GHz,2,404,304,13,BGA559,Desktop
AMD Athlon 64 FX-74,2,972,617,125,F (1207),Desktop
Intel Celeron 1019Y @ 1.00GHz,2,576,521,10,FCBGA1023,Desktop
Intel Celeron 1047UE @ 1.40GHz,2,748,526,17,FCBGA1023,Desktop
Intel Celeron J4005 @ 2.00GHz,2,1522,1076,10,FCBGA1090,Desktop
Intel Celeron J4025 @ 2.00GHz,2,1463,1134,10,FCBGA1090,Desktop
Intel Celeron J4105 @ 1.50GHz,4,2901,1090,10,FCBGA1090,Desktop
Intel Celeron J4125 @ 2.00GHz,4,2946,1158,10,FCBGA1090,Desktop
Intel Pentium Silver J5005 @ 1.50GHz,4,3116,1208,10,FCBGA1090,Desktop
Intel Pentium Silver J5040 @ 2.00GHz,4,3265,1349,10,FCBGA1090,Desktop
Intel Core i5-4202Y @ 1.60GHz,2,1528,965,11.5,FCBGA1168,Desktop
Intel Core i5-4302Y @ 1.60GHz,2,1524,987,11.5,FCBGA1168,Desktop
Intel Atom E3815 @ 1.46GHz,1,184,266,5,FCBGA1170,Desktop
Intel Atom E3825 @ 1.33GHz,2,378,309,6,FCBGA1170,Desktop
Intel Atom E3845 @ 1.91GHz,4,1069,536,10,FCBGA1170,Desktop
Intel Celeron J1750 @ 2.41GHz,2,538,642,10,FCBGA1170,Desktop
Intel Celeron J1800 @ 2.41GHz,2,569,656,10,FCBGA1170,Desktop
Intel Celeron J1850 @ 1.99GHz,4,942,455,10,FCBGA1170,Desktop
Intel Celeron J1900 @ 1.99GHz,4,1146,650,10,FCBGA1170,Desktop
Intel Pentium J2850 @ 2.41GHz,4,1016,646,10,FCBGA1170,Desktop
Intel Pentium J2900 @ 2.41GHz,4,1251,733,10,FCBGA1170,Desktop
Intel Pentium J3710 @ 1.60GHz,4,1419,700,6.5,FCBGA1170,Desktop
Intel Celeron J3455 @ 1.50GHz,4,2251,812,10,FCBGA1296,Desktop
Intel Celeron J3455E @ 1.50GHz,4,2193,846,10,FCBGA1296,Desktop
Intel Pentium J4205 @ 1.50GHz,4,2333,900,10,FCBGA1296,Desktop
Intel Celeron J3355 @ 2.00GHz,2,1197,826,10,FCBGA1296,"Desktop, Laptop"
Intel Celeron N5095 @ 2.00GHz,4,4069,1500,15,FCBGA1338,Desktop
Intel Celeron N5095A @ 2.00GHz,4,4113,1514,15,FCBGA1338,Desktop
Intel Core i5-4570R @ 2.70GHz,4,4580,1803,65,FCBGA1364,Desktop
Intel Core i5-4670R @ 3.00GHz,4,5233,2164,65,FCBGA1364,Desktop
Intel Core i5-5675R @ 3.10GHz,4,5566,2263,65,FCBGA1364,Desktop
Intel Core i7-4700EQ @ 2.40GHz,4,5417,1765,47,FCBGA1364,Desktop
Intel Core i7-4770R @ 3.20GHz,4,6561,2157,65,FCBGA1364,Desktop
Intel Core i5-10300H @ 2.50GHz,4,8315,2543,45,FCBGA1440,"Desktop, Laptop"
Intel Core i7-9850HL @ 1.90GHz,6,7897,1723,25,FCBGA1440,"Desktop, Laptop"
Intel Core i7-7Y75 @ 1.30GHz,2,2586,1541,4.5,FCBGA1515,"Desktop, Laptop"
Intel Core i7-11700B @ 3.20GHz,8,22224,3301,65,FCBGA1787,Desktop
Intel Core i9-11900KB @ 3.30GHz,8,22940,3313,65,FCBGA1787,Desktop
Intel Celeron G1820 @ 2.70GHz,2,1720,1538,53,FCLGA1150,Desktop
Intel Celeron G1840 @ 2.80GHz,2,1781,1582,53,FCLGA1150,Desktop
Intel Celeron G1850 @ 2.90GHz,2,1909,1583,54,FCLGA1150,Desktop
Intel Core i3-4150 @ 3.50GHz,2,3408,1941,54,FCLGA1150,Desktop
Intel Core i3-4150T @ 3.00GHz,2,2892,1600,35,FCLGA1150,Desktop
Intel Core i3-4160 @ 3.60GHz,2,3512,1987,54,FCLGA1150,Desktop
Intel Core i3-4360 @ 3.70GHz,2,3655,2082,54,FCLGA1150,Desktop
Intel Core i3-4370T @ 3.30GHz,2,3361,1911,35,FCLGA1150,Desktop
Intel Core i3-4570T @ 2.90GHz,2,3244,1693,35,FCLGA1150,Desktop
Intel Core i5-4440 @ 3.10GHz,4,4788,1856,84,FCLGA1150,Desktop
Intel Core i5-4670S @ 3.10GHz,4,5211,2093,65,FCLGA1150,Desktop
Intel Core i5-4670T @ 2.30GHz,4,4449,1772,45,FCLGA1150,Desktop
Intel Core i5-5675C @ 3.10GHz,4,5643,2221,65,FCLGA1150,Desktop
Intel Core i7-4765T @ 2.00GHz,4,5119,1631,35,FCLGA1150,Desktop
Intel Core i7-4785T @ 2.20GHz,4,5504,1762,35,FCLGA1150,Desktop
Intel Core i7-4790 @ 3.60GHz,4,7265,2229,84,FCLGA1150,Desktop
Intel Core i7-5775C @ 3.30GHz,4,7704,2287,65,FCLGA1150,Desktop
Intel Pentium G3220 @ 3.00GHz,2,1883,1687,54,FCLGA1150,Desktop
Intel Pentium G3240 @ 3.10GHz,2,1945,1739,53,FCLGA1150,Desktop
Intel Pentium G3258 @ 3.20GHz,2,2047,1826,53,FCLGA1150,Desktop
Intel Pentium G3320TE @ 2.30GHz,2,1570,1312,35,FCLGA1150,Desktop
Intel Pentium G3420 @ 3.20GHz,2,1968,1773,54,FCLGA1150,Desktop
Intel Pentium G3430 @ 3.30GHz,2,2127,1912,54,FCLGA1150,Desktop
Intel Pentium G3450 @ 3.40GHz,2,2178,1897,53,FCLGA1150,Desktop
Intel Celeron G3900 @ 2.80GHz,2,2149,1687,51,FCLGA1151,Desktop
Intel Celeron G3920 @ 2.90GHz,2,2358,1781,51,FCLGA1151,Desktop
Intel Celeron G3930 @ 2.90GHz,2,2253,1778,51,FCLGA1151,Desktop
Intel Celeron G3930T @ 2.70GHz,2,2023,1655,35,FCLGA1151,Desktop
Intel Celeron G3930TE @ 2.70GHz,2,2218,1706,35,FCLGA1151,Desktop
Intel Celeron G3950 @ 3.00GHz,2,2322,1851,51,FCLGA1151,Desktop
Intel Celeron G4930T @ 3.00GHz,2,2283,1770,35,FCLGA1151,Desktop
Intel Celeron G4950 @ 3.30GHz,2,2714,2041,54,FCLGA1151,Desktop
Intel Core i3-7100 @ 3.90GHz,2,4321,2293,51,FCLGA1151,Desktop
Intel Core i3-7100T @ 3.40GHz,2,3773,1945,35,FCLGA1151,Desktop
Intel Core i3-7101E @ 3.90GHz,2,4430,2407,54,FCLGA1151,Desktop
Intel Core i3-7101TE @ 3.40GHz,2,3957,2020,35,FCLGA1151,Desktop
Intel Core i3-7300 @ 4.00GHz,2,4527,2413,51,FCLGA1151,Desktop
Intel Core i3-7300T @ 3.50GHz,2,4149,2061,35,FCLGA1151,Desktop
Intel Core i3-7320 @ 4.10GHz,2,4829,2507,51,FCLGA1151,Desktop
Intel Core i3-7350K @ 4.20GHz,2,4943,2573,60,FCLGA1151,Desktop
Intel Core i3-9350K @ 4.00GHz,4,7700,2783,91,FCLGA1151,Desktop
Intel Core i5-6600K @ 3.50GHz,4,6307,2319,91,FCLGA1151,Desktop
Intel Core i5-7400 @ 3.00GHz,4,5476,2080,65,FCLGA1151,Desktop
Intel Core i5-7500T @ 2.70GHz,4,5208,1913,35,FCLGA1151,Desktop
Intel Core i5-7600 @ 3.50GHz,4,6541,2455,65,FCLGA1151,Desktop
Intel Core i5-7600K @ 3.80GHz,4,6814,2547,91,FCLGA1151,Desktop
Intel Core i5-7600T @ 2.80GHz,4,5852,2134,35,FCLGA1151,Desktop
Intel Core i7-7700T @ 2.90GHz,4,7581,2141,35,FCLGA1151,Desktop
Intel Core i9-9900B @ 3.10GHz,8,16118,2690,65,FCLGA1151,Desktop
Intel Pentium G4400 @ 3.30GHz,2,2566,1994,54,FCLGA1151,Desktop
Intel Pentium G4400T @ 2.90GHz,2,2344,1758,35,FCLGA1151,Desktop
Intel Pentium G4500 @ 3.50GHz,2,2790,2152,51,FCLGA1151,Desktop
Intel Pentium G4500T @ 3.00GHz,2,2399,1865,35,FCLGA1151,Desktop
Intel Pentium G4520 @ 3.60GHz,2,2707,2008,51,FCLGA1151,Desktop
Intel Pentium G4560 @ 3.50GHz,2,3532,2094,54,FCLGA1151,Desktop
Intel Pentium G4560T @ 2.90GHz,2,2964,1721,35,FCLGA1151,Desktop
Intel Pentium G4600 @ 3.60GHz,2,3602,2153,51,FCLGA1151,Desktop
Intel Pentium G4600T @ 3.00GHz,2,3062,1775,35,FCLGA1151,Desktop
Intel Pentium G4620 @ 3.70GHz,2,3757,2245,51,FCLGA1151,Desktop
Intel Pentium Gold G5600T @ 3.30GHz,2,3601,2025,35,FCLGA1151,Desktop
Intel Celeron G4900 @ 3.10GHz,2,2382,1836,54,FCLGA1151-2,Desktop
Intel Celeron G4900T @ 2.90GHz,2,2255,1740,35,FCLGA1151-2,Desktop
Intel Celeron G4920 @ 3.20GHz,2,2500,1960,54,FCLGA1151-2,Desktop
Intel Celeron G4930 @ 3.20GHz,2,2569,1950,54,FCLGA1151-2,Desktop
Intel Core i3-8100 @ 3.60GHz,4,6100,2210,65,FCLGA1151-2,Desktop
Intel Core i3-8100T @ 3.10GHz,4,5281,1875,35,FCLGA1151-2,Desktop
Intel Core i3-8300 @ 3.70GHz,4,6347,2265,62,FCLGA1151-2,Desktop
Intel Core i3-8300T @ 3.20GHz,4,5581,1958,25,FCLGA1151-2,Desktop
Intel Core i3-8350K @ 4.00GHz,4,6871,2469,91,FCLGA1151-2,Desktop
Intel Core i3-9100 @ 3.60GHz,4,6611,2474,65,FCLGA1151-2,Desktop
Intel Core i3-9100F @ 3.60GHz,4,6727,2494,65,FCLGA1151-2,Desktop
Intel Core i3-9100T @ 3.10GHz,4,5553,2098,35,FCLGA1151-2,Desktop
Intel Core i3-9300 @ 3.70GHz,4,7125,2495,62,FCLGA1151-2,Desktop
Intel Core i3-9300T @ 3.20GHz,4,6108,2288,35,FCLGA1151-2,Desktop
Intel Core i3-9320 @ 3.70GHz,4,7358,2711,62,FCLGA1151-2,Desktop
Intel Core i3-9350KF @ 4.00GHz,4,7561,2671,91,FCLGA1151-2,Desktop
Intel Core i5-8400 @ 2.80GHz,6,9223,2376,65,FCLGA1151-2,Desktop
Intel Core i5-8400T @ 1.70GHz,6,7446,1914,35,FCLGA1151-2,Desktop
Intel Core i5-8500 @ 3.00GHz,6,9541,2447,65,FCLGA1151-2,Desktop
Intel Core i5-8500T @ 2.10GHz,6,7728,2009,35,FCLGA1151-2,Desktop
Intel Core i5-8600 @ 3.10GHz,6,9949,2567,65,FCLGA1151-2,Desktop
Intel Core i5-8600K @ 3.60GHz,6,10170,2583,95,FCLGA1151-2,Desktop
Intel Core i5-8600T @ 2.30GHz,6,9305,2278,35,FCLGA1151-2,Desktop
Intel Core i5-9400 @ 2.90GHz,6,9395,2435,65,FCLGA1151-2,Desktop
Intel Core i5-9400T @ 1.80GHz,6,8309,2107,35,FCLGA1151-2,Desktop
Intel Core i5-9500 @ 3.00GHz,6,9872,2575,65,FCLGA1151-2,Desktop
Intel Core i5-9500F @ 3.00GHz,6,9932,2568,65,FCLGA1151-2,Desktop
Intel Core i5-9500T @ 2.20GHz,6,8194,2156,35,FCLGA1151-2,Desktop
Intel Core i5-9600 @ 3.10GHz,6,10410,2729,65,FCLGA1151-2,Desktop
Intel Core i5-9600K @ 3.70GHz,6,10648,2733,95,FCLGA1151-2,Desktop
Intel Core i5-9600KF @ 3.70GHz,6,10673,2729,95,FCLGA1151-2,Desktop
Intel Core i5-9600T @ 2.30GHz,6,9655,2429,35,FCLGA1151-2,Desktop
Intel Core i7-8086K @ 4.00GHz,6,14161,2832,95,FCLGA1151-2,Desktop
Intel Core i7-8700 @ 3.20GHz,6,12797,2635,65,FCLGA1151-2,Desktop
Intel Core i7-8700K @ 3.70GHz,6,13598,2723,95,FCLGA1151-2,Desktop
Intel Core i7-8700T @ 2.40GHz,6,10227,2305,35,FCLGA1151-2,Desktop
Intel Core i7-9700 @ 3.00GHz,8,13263,2769,65,FCLGA1151-2,Desktop
Intel Core i7-9700E @ 2.60GHz,8,12623,2559,65,FCLGA1151-2,Desktop
Intel Core i7-9700F @ 3.00GHz,8,13236,2749,65,FCLGA1151-2,Desktop
Intel Core i7-9700K @ 3.60GHz,8,14433,2869,95,FCLGA1151-2,Desktop
Intel Core i7-9700KF @ 3.60GHz,8,14228,2867,95,FCLGA1151-2,Desktop
Intel Core i7-9700T @ 2.00GHz,8,10694,2419,35,FCLGA1151-2,Desktop
Intel Core i9-9900 @ 3.10GHz,8,16383,2817,65,FCLGA1151-2,Desktop
Intel Core i9-9900K @ 3.60GHz,8,18204,2923,95,FCLGA1151-2,Desktop
Intel Core i9-9900KF @ 3.60GHz,8,18189,2919,95,FCLGA1151-2,Desktop
Intel Core i9-9900KS @ 4.00GHz,8,19447,3034,127,FCLGA1151-2,Desktop
Intel Core i9-9900T @ 2.10GHz,8,13161,2462,35,FCLGA1151-2,Desktop
Intel Pentium Gold G5400 @ 3.70GHz,2,3733,2189,54,FCLGA1151-2,Desktop
Intel Pentium Gold G5420 @ 3.80GHz,2,3765,2241,54,FCLGA1151-2,Desktop
Intel Pentium Gold G5420T @ 3.20GHz,2,3408,1944,35,FCLGA1151-2,Desktop
Intel Pentium Gold G5500 @ 3.80GHz,2,3831,2249,54,FCLGA1151-2,Desktop
Intel Pentium Gold G5500T @ 3.20GHz,2,3311,1951,35,FCLGA1151-2,Desktop
Intel Pentium Gold G5600 @ 3.90GHz,2,3884,2275,54,FCLGA1151-2,Desktop
Intel Pentium Gold G5600F @ 3.90GHz,2,4124,2255,54,FCLGA1151-2,Desktop
Intel Pentium Gold G5620 @ 4.00GHz,2,4272,2461,54,FCLGA1151-2,Desktop
Intel Core i5-9400F @ 2.90GHz,6,9462,2432,65,FCLGA1151-2,"Desktop, Laptop"
Intel Core i7-9700TE @ 1.80GHz,8,10203,2214,35,FCLGA1151-2,"Desktop, Laptop"
Intel Celeron G1610 @ 2.60GHz,2,1532,1382,55,FCLGA1155,Desktop
Intel Celeron G1620 @ 2.70GHz,2,1571,1454,55,FCLGA1155,Desktop
Intel Celeron G1630 @ 2.80GHz,2,1707,1553,55,FCLGA1155,Desktop
Intel Core i3-2102 @ 3.10GHz,2,2029,1400,65,FCLGA1155,Desktop
Intel Core i3-3250T @ 3.00GHz,2,2650,1684,35,FCLGA1155,Desktop
Intel Pentium G2010 @ 2.80GHz,2,1617,1504,55,FCLGA1155,Desktop
Intel Pentium G2020 @ 2.90GHz,2,1694,1558,55,FCLGA1155,Desktop
Intel Pentium G2020T @ 2.50GHz,2,1430,1298,35,FCLGA1155,Desktop
Intel Pentium G2030 @ 3.00GHz,2,1755,1609,55,FCLGA1155,Desktop
Intel Pentium G2120 @ 3.10GHz,2,1896,1715,55,FCLGA1155,Desktop
Intel Pentium G2120T @ 2.70GHz,2,1613,1493,35,FCLGA1155,Desktop
Intel Pentium G2130 @ 3.20GHz,2,1917,1736,55,FCLGA1155,Desktop
Intel Pentium G840 @ 2.80GHz,2,1304,1283,65,FCLGA1155,Desktop
Intel Pentium G850 @ 2.90GHz,2,1470,1359,65,FCLGA1155,Desktop
Intel Pentium G860 @ 3.00GHz,2,1491,1387,65,FCLGA1155,Desktop
Intel Pentium G870 @ 3.10GHz,2,1561,1469,65,FCLGA1155,Desktop
Intel Celeron G1101 @ 2.27GHz,2,1086,929,73,FCLGA1156,Desktop
Intel Celeron G5900 @ 3.40GHz,2,2670,2113,58,FCLGA1200,Desktop
Intel Celeron G5900T @ 3.20GHz,2,2155,1640,35,FCLGA1200,Desktop
Intel Celeron G5905 @ 3.50GHz,2,2780,2161,58,FCLGA1200,Desktop
Intel Celeron G5905T @ 3.30GHz,2,2304,1854,35,FCLGA1200,Desktop
Intel Celeron G5920 @ 3.50GHz,2,2577,2123,58,FCLGA1200,Desktop
Intel Celeron G5925 @ 3.60GHz,2,2787,2227,58,FCLGA1200,Desktop
Intel Core i3-10100 @ 3.60GHz,4,8631,2609,65,FCLGA1200,Desktop
Intel Core i3-10100F @ 3.60GHz,4,8723,2588,65,FCLGA1200,Desktop
Intel Core i3-10105 @ 3.70GHz,4,8547,2673,65,FCLGA1200,Desktop
Intel Core i3-10105F @ 3.70GHz,4,8938,2651,65,FCLGA1200,Desktop
Intel Core i3-10105T @ 3.00GHz,4,7926,2358,35,FCLGA1200,Desktop
Intel Core i3-10300 @ 3.70GHz,4,9293,2688,65,FCLGA1200,Desktop
Intel Core i3-10300T @ 3.00GHz,4,7884,2299,35,FCLGA1200,Desktop
Intel Core i3-10305 @ 3.80GHz,4,9535,2789,65,FCLGA1200,Desktop
Intel Core i3-10305T @ 3.00GHz,4,8136,2457,35,FCLGA1200,Desktop
Intel Core i3-10320 @ 3.80GHz,4,10011,2839,65,FCLGA1200,Desktop
Intel Core i3-10325 @ 3.90GHz,4,10291,2874,65,FCLGA1200,Desktop
Intel Core i5-10400 @ 2.90GHz,6,12090,2566,65,FCLGA1200,Desktop
Intel Core i5-10400F @ 2.90GHz,6,12160,2543,65,FCLGA1200,Desktop
Intel Core i5-10400T @ 2.00GHz,6,9755,2134,35,FCLGA1200,Desktop
Intel Core i5-10500 @ 3.10GHz,6,13291,2815,65,FCLGA1200,Desktop
Intel Core i5-10500T @ 2.30GHz,6,10162,2289,35,FCLGA1200,Desktop
Intel Core i5-10505 @ 3.20GHz,6,12076,2810,65,FCLGA1200,Desktop
Intel Core i5-10600 @ 3.30GHz,6,13642,2931,65,FCLGA1200,Desktop
Intel Core i5-10600K @ 4.10GHz,6,14283,2918,125,FCLGA1200,Desktop
Intel Core i5-10600KF @ 4.10GHz,6,14189,2914,125,FCLGA1200,Desktop
Intel Core i5-10600T @ 2.40GHz,6,11472,2450,35,FCLGA1200,Desktop
Intel Core i5-11400 @ 2.60GHz,6,16968,3019,65,FCLGA1200,Desktop
Intel Core i5-11400F @ 2.60GHz,6,16971,2992,65,FCLGA1200,Desktop
Intel Core i5-11400T @ 1.30GHz,6,13487,2550,35,FCLGA1200,Desktop
Intel Core i5-11500 @ 2.70GHz,6,17223,3130,65,FCLGA1200,Desktop
Intel Core i5-11500T @ 1.50GHz,6,12392,2481,35,FCLGA1200,Desktop
Intel Core i5-11600 @ 2.80GHz,6,18011,3293,65,FCLGA1200,Desktop
Intel Core i5-11600K @ 3.90GHz,6,19556,3347,125,FCLGA1200,Desktop
Intel Core i5-11600KF @ 3.90GHz,6,19573,3333,125,FCLGA1200,Desktop
Intel Core i5-11600T @ 1.70GHz,6,14396,2849,35,FCLGA1200,Desktop
Intel Core i7-10700 @ 2.90GHz,8,16281,2899,65,FCLGA1200,Desktop
Intel Core i7-10700F @ 2.90GHz,8,16322,2876,65,FCLGA1200,Desktop
Intel Core i7-10700K @ 3.80GHz,8,18693,3046,125,FCLGA1200,Desktop
Intel Core i7-10700KF @ 3.80GHz,8,18489,3041,125,FCLGA1200,Desktop
Intel Core i7-10700T @ 2.00GHz,8,12768,2570,35,FCLGA1200,Desktop
Intel Core i7-11700 @ 2.50GHz,8,20719,3267,65,FCLGA1200,Desktop
Intel Core i7-11700F @ 2.50GHz,8,20872,3278,65,FCLGA1200,Desktop
Intel Core i7-11700K @ 3.60GHz,8,24477,3396,125,FCLGA1200,Desktop
Intel Core i7-11700KF @ 3.60GHz,8,23878,3376,125,FCLGA1200,Desktop
Intel Core i7-11700T @ 1.40GHz,8,15621,2866,35,FCLGA1200,Desktop
Intel Core i9-10850K @ 3.60GHz,10,22216,3071,125,FCLGA1200,Desktop
Intel Core i9-10900 @ 2.80GHz,10,19600,3020,65,FCLGA1200,Desktop
Intel Core i9-10900F @ 2.80GHz,10,19829,3030,65,FCLGA1200,Desktop
Intel Core i9-10900K @ 3.70GHz,10,22646,3121,125,FCLGA1200,Desktop
Intel Core i9-10900KF @ 3.70GHz,10,22439,3117,125,FCLGA1200,Desktop
Intel Core i9-10900T @ 1.90GHz,10,14818,2472,35,FCLGA1200,Desktop
Intel Core i9-10910 @ 3.60GHz,10,21429,3165,125,FCLGA1200,Desktop
Intel Core i9-11900 @ 2.50GHz,8,22563,3385,65,FCLGA1200,Desktop
Intel Core i9-11900F @ 2.50GHz,8,22193,3407,65,FCLGA1200,Desktop
Intel Core i9-11900K @ 3.50GHz,8,25099,3511,125,FCLGA1200,Desktop
Intel Core i9-11900KF @ 3.50GHz,8,24844,3533,125,FCLGA1200,Desktop
Intel Core i9-11900T @ 1.50GHz,8,18817,3305,35,FCLGA1200,Desktop
Intel Pentium Gold G6400 @ 4.00GHz,2,4128,2468,58,FCLGA1200,Desktop
Intel Pentium Gold G6400T @ 3.40GHz,2,3540,2104,35,FCLGA1200,Desktop
Intel Pentium Gold G6405 @ 4.10GHz,2,4221,2500,58,FCLGA1200,Desktop
Intel Pentium Gold G6405T @ 3.50GHz,2,3095,1804,35,FCLGA1200,Desktop
Intel Pentium Gold G6500 @ 4.10GHz,2,4140,2488,58,FCLGA1200,Desktop
Intel Pentium Gold G6500T @ 3.50GHz,2,3874,2238,35,FCLGA1200,Desktop
Intel Pentium Gold G6505 @ 4.20GHz,2,4371,2649,58,FCLGA1200,Desktop
Intel Pentium Gold G6505T @ 3.60GHz,2,3698,2271,35,FCLGA1200,Desktop
Intel Pentium Gold G6600 @ 4.20GHz,2,4287,2531,58,FCLGA1200,Desktop
Intel Pentium Gold G6605 @ 4.30GHz,2,4486,2606,58,FCLGA1200,Desktop
Intel Core i3-10100E @ 3.20GHz,4,8049,2313,65,FCLGA1200,"Desktop, Mobile/Embedded"
Intel Core i9-10900E @ 2.80GHz,10,19469,2891,65,FCLGA1200,"Desktop, Mobile/Embedded"
Intel Xeon W-1250P @ 4.10GHz,6,14355,2980,125,FCLGA1200,"Desktop, Server"
Intel Xeon W-1370 @ 2.90GHz,8,22926,3478,80,FCLGA1200,"Desktop, Server"
Intel Xeon W-1370P @ 3.60GHz,8,22596,3457,125,FCLGA1200,"Desktop, Server"
Intel Xeon W-1390P @ 3.50GHz,8,25240,3544,125,FCLGA1200,"Desktop, Server"
Intel 300,2,7254,3219,46,FCLGA1700,Desktop
Intel 300T,2,6205,2771,35,FCLGA1700,Desktop
Intel Celeron G6900T,2,3801,2286,35,FCLGA1700,Desktop
Intel Core i3-12100,4,13259,3374,60,FCLGA1700,Desktop
Intel Core i3-12100F,4,14066,3456,58,FCLGA1700,Desktop
Intel Core i3-12100T,4,12591,3276,35,FCLGA1700,Desktop
Intel Core i3-12300T,4,13150,3333,35,FCLGA1700,Desktop
Intel Core i3-13100,4,13556,3420,60,FCLGA1700,Desktop
Intel Core i3-13100F,4,14657,3610,58,FCLGA1700,Desktop
Intel Core i3-13100T,4,12924,3423,35,FCLGA1700,Desktop
Intel Core i3-14100,4,15189,3769,60,FCLGA1700,Desktop
Intel Core i3-14100F,4,15377,3793,110,FCLGA1700,Desktop
Intel Core i3-14100T,4,13715,3526,69,FCLGA1700,Desktop
Intel Core i5-12400F,6,19486,3492,65,FCLGA1700,Desktop
[Dual CPU] Intel Core i5-12400F,6,19680,3630,65,FCLGA1700,Desktop
Intel Core i5-12400T,6,15945,3333,74,FCLGA1700,Desktop
Intel Core i5-12500T,6,16496,3485,35,FCLGA1700,Desktop
Intel Core i5-12600K,10,27664,3935,150,FCLGA1700,Desktop
Intel Core i5-12600KF,10,27877,3932,150,FCLGA1700,Desktop
Intel Core i5-12600T,6,17667,3480,35,FCLGA1700,Desktop
Intel Core i5-13400,10,23441,3498,154,FCLGA1700,Desktop
Intel Core i5-13400F,10,25097,3638,148,FCLGA1700,Desktop
Intel Core i5-13400T,10,20313,3484,82,FCLGA1700,Desktop
Intel Core i5-13490F,10,27383,3888,65,FCLGA1700,Desktop
Intel Core i5-13500,14,31635,3871,65,FCLGA1700,Desktop
Intel Core i5-13500T,14,23050,3604,35,FCLGA1700,Desktop
Intel Core i5-13600,14,31711,4049,65,FCLGA1700,Desktop
Intel Core i5-13600K,14,37783,4131,125,FCLGA1700,Desktop
Intel Core i5-13600KF,14,37614,4123,125,FCLGA1700,Desktop
Intel Core i5-13600T,14,26867,3717,35,FCLGA1700,Desktop
Intel Core i5-14400,10,25364,3768,148,FCLGA1700,Desktop
Intel Core i5-14400F,10,25664,3709,148,FCLGA1700,Desktop
Intel Core i5-14400T,10,21947,3506,82,FCLGA1700,Desktop
Intel Core i5-14490F,10,28662,3873,65,FCLGA1700,Desktop
Intel Core i5-14500,14,31402,4008,65,FCLGA1700,Desktop
Intel Core i5-14500T,14,23212,3762,35,FCLGA1700,Desktop
Intel Core i5-14600,14,33299,4118,65,FCLGA1700,Desktop
Intel Core i5-14600K,14,38668,4273,125,FCLGA1700,Desktop
Intel Core i5-14600KF,14,39035,4288,125,FCLGA1700,Desktop
Intel Core i5-14600T,14,26144,3707,35,FCLGA1700,Desktop
Intel Core i7-12700,12,30611,3896,65,FCLGA1700,Desktop
Intel Core i7-12700F,12,30562,3862,65,FCLGA1700,Desktop
Intel Core i7-12700K,12,34544,4023,190,FCLGA1700,Desktop
Intel Core i7-12700KF,12,34243,4001,190,FCLGA1700,Desktop
Intel Core i7-12700T,12,21351,3598,35,FCLGA1700,Desktop
Intel Core i7-13700,16,36773,4112,65,FCLGA1700,Desktop
Intel Core i7-13700F,16,38713,4125,65,FCLGA1700,Desktop
Intel Core i7-13700K,16,46162,4347,125,FCLGA1700,Desktop
Intel Core i7-13700KF,16,46398,4357,125,FCLGA1700,Desktop
Intel Core i7-13700T,16,28401,3809,35,FCLGA1700,Desktop
Intel Core i7-13790F,16,46309,4159,65,FCLGA1700,Desktop
Intel Core i7-14700,20,42152,4271,65,FCLGA1700,Desktop
Intel Core i7-14700F,20,42243,4258,65,FCLGA1700,Desktop
Intel Core i7-14700K,20,52891,4479,125,FCLGA1700,Desktop
Intel Core i7-14700KF,20,53404,4498,125,FCLGA1700,Desktop
Intel Core i7-14700T,20,31464,3950,35,FCLGA1700,Desktop
Intel Core i9-12900,16,33982,4028,65,FCLGA1700,Desktop
Intel Core i9-12900F,16,36108,4029,65,FCLGA1700,Desktop
Intel Core i9-12900K,16,41369,4148,241,FCLGA1700,Desktop
Intel Core i9-12900KF,16,41080,4155,241,FCLGA1700,Desktop
Intel Core i9-12900T,16,29647,3803,35,FCLGA1700,Desktop
Intel Core i9-13900,24,46208,4312,65,FCLGA1700,Desktop
Intel Core i9-13900F,24,50476,4412,65,FCLGA1700,Desktop
Intel Core i9-13900K,24,58842,4614,125,FCLGA1700,Desktop
Intel Core i9-13900KF,24,58010,4597,125,FCLGA1700,Desktop
Intel Core i9-13900KS,24,61286,4734,150,FCLGA1700,Desktop
Intel Core i9-13900T,24,42746,4178,35,FCLGA1700,Desktop
Intel Core i9-14900,24,46719,4423,65,FCLGA1700,Desktop
Intel Core i9-14900F,24,46731,4491,65,FCLGA1700,Desktop
Intel Core i9-14900K,24,59317,4714,125,FCLGA1700,Desktop
Intel Core i9-14900KF,24,58970,4696,125,FCLGA1700,Desktop
Intel Core i9-14900KS,24,61539,4850,150,FCLGA1700,Desktop
Intel Core i9-14900T,24,41402,4105,35,FCLGA1700,Desktop
Intel Core i7-12700E,12,29645,3758,65,FCLGA1700,"Desktop, Mobile/Embedded"
Intel Core Ultra 5 225,10,31435,4427,65,FCLGA1851,Desktop
Intel Core Ultra 5 225F,10,30789,4498,65,FCLGA1851,Desktop
Intel Core Ultra 5 235,14,35181,4501,65,FCLGA1851,Desktop
Intel Core Ultra 5 245K,14,43486,4692,125,FCLGA1851,Desktop
Intel Core Ultra 5 245KF,14,43558,4681,125,FCLGA1851,Desktop
Intel Core Ultra 7 265K,20,58751,4847,125,FCLGA1851,Desktop
Intel Core Ultra 7 265KF,20,58621,4904,125,FCLGA1851,Desktop
Intel Core Ultra 9 285,24,53821,4909,65,FCLGA1851,Desktop
Intel Core Ultra 9 285K,24,67788,5080,125,FCLGA1851,Desktop
Intel Core Ultra 9 285T,24,39788,4720,35,FCLGA1851,Desktop
Intel Core i7-4820K @ 3.70GHz,4,6488,1957,130,FCLGA2011,Desktop
[Dual CPU] Intel Core i7-5960X @ 3.50GHz,8,20781,1663,140,FCLGA2011,Desktop
Intel Core i7-6850K @ 3.60GHz,6,11420,2399,140,FCLGA2011-3,Desktop
Intel Core i7-6900K @ 3.20GHz,8,14436,2324,140,FCLGA2011-3,Desktop
Intel Core i5-7640X @ 4.00GHz,4,7036,2535,112,FCLGA2066,Desktop
Intel Core i7-7740X @ 4.30GHz,4,9612,2692,112,FCLGA2066,Desktop
Intel Core i7-7800X @ 3.50GHz,6,12879,2385,140,FCLGA2066,Desktop
Intel Core i7-7820X @ 3.60GHz,8,17151,2524,140,FCLGA2066,Desktop
Intel Core i7-7900X @ 3.30GHz,10,21008,2455,140,FCLGA2066,Desktop
Intel Core i7-9800X @ 3.80GHz,8,18096,2572,165,FCLGA2066,Desktop
Intel Core i9-10900X @ 3.70GHz,10,22466,2674,165,FCLGA2066,Desktop
Intel Core i9-10920X @ 3.50GHz,12,26105,2718,165,FCLGA2066,Desktop
Intel Core i9-10940X @ 3.30GHz,14,27874,2663,165,FCLGA2066,Desktop
Intel Core i9-10980XE @ 3.00GHz,18,32388,2652,165,FCLGA2066,Desktop
Intel Core i9-7900X @ 3.30GHz,10,21032,2549,140,FCLGA2066,Desktop
Intel Core i9-7920X @ 2.90GHz,12,23689,2497,140,FCLGA2066,Desktop
Intel Core i9-7940X @ 3.10GHz,14,25701,2491,165,FCLGA2066,Desktop
Intel Core i9-7960X @ 2.80GHz,16,28422,2457,165,FCLGA2066,Desktop
Intel Core i9-7980XE @ 2.60GHz,18,29924,2458,165,FCLGA2066,Desktop
Intel Core i9-9820X @ 3.30GHz,10,20410,2459,165,FCLGA2066,Desktop
Intel Core i9-9900X @ 3.50GHz,10,21684,2554,165,FCLGA2066,Desktop
Intel Core i9-9920X @ 3.50GHz,12,25097,2634,165,FCLGA2066,Desktop
Intel Core i9-9940X @ 3.30GHz,14,28146,2630,165,FCLGA2066,Desktop
Intel Core i9-9960X @ 3.10GHz,16,30298,2593,165,FCLGA2066,Desktop
Intel Core i9-9980XE @ 3.00GHz,18,31784,2559,165,FCLGA2066,Desktop
Intel Xeon W-2275 @ 3.30GHz,14,27866,2751,165,FCLGA2066,Desktop
Intel Xeon W-2255 @ 3.70GHz,10,22415,2702,165,FCLGA2066,"Desktop, Server"
Intel Xeon W-3175X @ 3.10GHz,28,43850,2419,255,FCLGA3647,Desktop
Intel Xeon W-3265M @ 2.70GHz,24,34147,2585,205,FCLGA3647,"Desktop, Server"
Intel Xeon W-3323 @ 3.50GHz,12,27822,2580,220,FCLGA4189,"Desktop, Server"
AMD Ryzen 7 7840HX,12,43355,3778,55,FL1,"Desktop, Laptop"
AMD A4-3300 APU,2,942,973,65,FM1,Desktop
AMD A4-3400 APU,2,1089,1084,65,FM1,Desktop
AMD A4-3420 APU,2,1067,1119,65,FM1,Desktop
AMD A6-3500 APU,3,1432,964,65,FM1,Desktop
AMD A6-3600 APU,4,1697,909,65,FM1,Desktop
AMD A6-3620 APU,4,1864,982,65,FM1,Desktop
AMD A6-3650 APU,4,2086,1045,100,FM1,Desktop
AMD A6-3670 APU,4,2174,1147,100,FM1,Desktop
AMD A8-3800 APU,4,2049,1066,65,FM1,Desktop
AMD A8-3820 APU,4,2180,1130,65,FM1,Desktop
AMD A8-3850 APU,4,2390,1215,100,FM1,Desktop
AMD A8-3870K APU,4,2328,1210,100,FM1,Desktop
AMD Athlon II X4 631 Quad-Core,4,2122,1115,100,FM1,Desktop
AMD Athlon II X4 638 Quad-Core,4,2260,1158,65,FM1,Desktop
AMD Athlon II X4 641 Quad-Core,4,2313,1189,100,FM1,Desktop
AMD Athlon II X4 651 Quad-Core,4,2500,1287,100,FM1,Desktop
AMD E2-3200 APU,2,968,971,65,FM1,Desktop
AMD Sempron X2 198 Dual-Core,2,930,1070,65,FM1,Desktop
AMD A10-5700 APU,2,2742,1429,65,FM2,Desktop
AMD A10-5800B APU,2,3049,1585,100,FM2,Desktop
AMD A10-5800K APU,2,2955,1492,100,FM2,Desktop
AMD A10-6700 APU,4,3112,1606,65,FM2,Desktop
AMD A10-6700T APU,2,2299,1290,45,FM2,Desktop
AMD A10-6790K APU,2,3103,1559,100,FM2,Desktop
AMD A10-6800B APU,2,3155,1666,100,FM2,Desktop
AMD A10-6800K APU,2,3188,1594,100,FM2,Desktop
AMD A4-4000 APU,1,1152,1137,65,FM2,Desktop
AMD A4-4020 APU,2,1268,1220,65,FM2,Desktop
AMD A4-5300 APU,2,1365,1338,65,FM2,Desktop
AMD A4-5300B APU,2,1254,1241,65,FM2,Desktop
AMD A4-6300 APU,1,1422,1396,65,FM2,Desktop
AMD A4-6320 APU,1,1530,1529,65,FM2,Desktop
AMD A4-7300 APU,1,1534,1480,65,FM2,Desktop
AMD A6-5400B APU,1,1459,1408,65,FM2,Desktop
AMD A6-5400K APU,1,1274,1265,65,FM2,Desktop
AMD A6-6400B APU,1,1616,1608,65,FM2,Desktop
AMD A6-6400K APU,1,1507,1446,65,FM2,Desktop
AMD A6-6420B APU,1,1550,1629,65,FM2,Desktop
AMD A6-6420K APU,2,1565,1546,65,FM2,Desktop
AMD A8-5500 APU,2,2610,1333,65,FM2,Desktop
AMD A8-5500B APU,2,2613,1325,65,FM2,Desktop
AMD A8-5600K APU,4,2865,1430,100,FM2,Desktop
AMD A8-6500 APU,2,2826,1474,65,FM2,Desktop
AMD A8-6500B APU,2,2880,1504,65,FM2,Desktop
AMD A8-6500T APU,2,1983,1139,45,FM2,Desktop
AMD A8-6600K APU,2,3000,1533,100,FM2,Desktop
AMD Athlon X2 340 Dual Core,2,1324,1252,65,FM2,Desktop
AMD Athlon X4 730,2,2278,937,65,FM2,Desktop
AMD Athlon X4 740 Quad Core,2,2637,1355,65,FM2,Desktop
AMD Athlon X4 750 Quad Core,4,2625,1497,65,FM2,Desktop
AMD Athlon X4 760K Quad Core,2,2980,1533,100,FM2,Desktop
AMD FirePro A320 APU,4,2153,1193,100,FM2,Desktop
AMD FX-670K Quad-Core,2,2980,1578,65,FM2,Desktop
AMD Sempron 240,2,1278,1300,65,FM2,Desktop
AMD A10 PRO-7800B APU,2,3309,1496,65,FM2+,Desktop
AMD A10 PRO-7850B APU,2,3441,1565,95,FM2+,Desktop
AMD A10-7700K APU,2,3203,1432,95,FM2+,Desktop
AMD A10-7800 APU,2,3212,1458,65,FM2+,Desktop
AMD A10-7850K APU,2,3397,1497,95,FM2+,Desktop
AMD A10-7860K,2,3271,1484,65,FM2+,Desktop
AMD A10-7870K,2,3492,1530,95,FM2+,Desktop
AMD A10-7890K,2,3536,1573,95,FM2+,Desktop
AMD A10-8750,2,3230,1511,65,FM2+,Desktop
AMD A4 PRO-7350B,1,1544,1438,65,FM2+,Desktop
AMD A6 PRO-7400B,1,1640,1494,65,FM2+,Desktop
AMD A6-7400K APU,2,1635,1434,65,FM2+,Desktop
AMD A6-7470K,1,1799,1576,65,FM2+,Desktop
AMD A6-7480,2,1808,1528,65,FM2+,Desktop
AMD A6-8550,2,1762,1546,65,FM2+,Desktop
AMD A8 PRO-7600B APU,4,2966,1391,65,FM2+,Desktop
AMD A8-7500,2,3422,1410,65,FM2+,Desktop
AMD A8-7600 APU,2,3213,1444,65,FM2+,Desktop
AMD A8-7650K,2,3122,1405,65,FM2+,Desktop
AMD A8-7670K,4,3213,1493,95,FM2+,Desktop
AMD A8-7690K,4,2157,1441,95,FM2+,Desktop
AMD A8-8650,4,2996,1483,65,FM2+,Desktop
AMD Athlon X2 450,2,1295,878,65,FM2+,Desktop
AMD Athlon X4 830,2,2901,1292,65,FM2+,Desktop
AMD Athlon X4 840,2,3319,1487,65,FM2+,Desktop
AMD Athlon X4 845,2,3781,1670,65,FM2+,Desktop
AMD Athlon X4 860K,2,3435,1525,95,FM2+,Desktop
AMD Athlon X4 870K,2,3410,1558,95,FM2+,Desktop
AMD Athlon X4 880K,2,3663,1633,95,FM2+,Desktop
AMD FX-770K Quad-Core,2,3092,1475,65,FM2+,Desktop
AMD PRO A10-8750B,2,2984,1336,65,FM2+,Desktop
AMD PRO A10-8850B,2,3752,1611,95,FM2+,Desktop
AMD PRO A4-8350B,1,1690,1437,65,FM2+,Desktop
AMD PRO A6-8550B,1,1882,1631,65,FM2+,Desktop
AMD PRO A8-8650B,4,3181,1477,65,FM2+,Desktop
AMD Ryzen Embedded R1606G,2,4135,1897,15,FP5,"Desktop, Mobile/Embedded"
AMD Ryzen Embedded V1756B,4,8009,2023,45,FP5,"Desktop, Mobile/Embedded"
AMD Ryzen 3 PRO 4200G,4,10831,2554,65,FP6,Desktop
AMD Ryzen Embedded V2546,6,16236,2513,NA,FP6,Desktop
AMD Ryzen 3 7335U,4,12549,3036,28,FP7,"Desktop, Laptop"
AMD Ryzen 5 8640HS,6,19959,3590,28,"FP7 , FP7r2 , FP","Desktop, Laptop"
AMD Ryzen 5 8645HS,6,22745,3659,45,"FP7 , FP7r2 , FP","Desktop, Laptop"
AMD Ryzen 5 8540U,6,18425,3661,28,FP7 FP7r2,"Desktop, Laptop"
AMD Ryzen 5 PRO 8540U,6,18175,3578,28,FP7 FP7r2,"Desktop, Laptop, Mobile/Embedded"
AMD Ryzen 5 PRO 8640HS,6,22279,3729,28,FP7 FP7r2,"Desktop, Laptop, Server"
AMD Ryzen 7 PRO 8840U,8,24452,3750,28,FP7 FP7r2,"Desktop, Laptop, Server"
AMD Ryzen 7 PRO 8845HS,8,28847,3793,45,FP7 FP7r2,"Desktop, Laptop, Server"
AMD Ryzen 9 PRO 8945HS,8,29255,3959,45,FP7 FP7r2,"Desktop, Laptop, Server"
AMD Ryzen 5 8640U,6,20599,3555,28,FP7 FP7r2 FP8,"Desktop, Laptop"
AMD Ryzen 5 PRO 7640U,6,21287,3726,28,FP7 FP7r2 FP8,"Desktop, Laptop"
AMD Ryzen 7 8745HS,8,29365,3806,45,FP7 FP7r2 FP8,"Desktop, Laptop"
AMD Ryzen 7 8840HS,8,24454,3584,28,FP7 FP7r2 FP8,"Desktop, Laptop"
AMD Ryzen 7 8840U,8,23602,3603,28,FP7 FP7r2 FP8,"Desktop, Laptop"
AMD Ryzen 7 8845H,8,26698,3487,45,FP7 FP7r2 FP8,"Desktop, Laptop"
AMD Ryzen 7 8845HS,8,28735,3770,45,FP7 FP7r2 FP8,"Desktop, Laptop"
AMD Ryzen 7 PRO 8840HS,8,27144,3726,28,FP7 FP7r2 FP8,"Desktop, Laptop"
AMD Ryzen 9 8945H,8,29933,3933,45,FP7 FP7r2 FP8,"Desktop, Laptop"
AMD Ryzen 9 8945HS,8,30085,3864,45,FP7 FP7r2 FP8,"Desktop, Laptop"
AMD Ryzen 3 8440U,4,12805,3648,28,"FP7, FP7r2","Desktop, Laptop"
AMD Ryzen 3 PRO 7335U,4,12463,3103,30,FP7r2,"Desktop, Laptop"
AMD Ryzen 5 7235HS,4,12024,2829,45,FP7r2,"Desktop, Laptop"
AMD Ryzen 7 7435HS,8,23575,3192,45,FP7r2,"Desktop, Laptop"
AMD Ryzen 7 250,8,23552,3868,28,FP8,Desktop
AMD Ryzen 5 230,6,19681,2865,28,FP8,"Desktop, Laptop"
AMD Ryzen AI 7 PRO 350,8,23473,4111,28,FP8,"Desktop, Laptop"
AMD Ryzen AI 7 PRO 360,8,21361,3929,28,FP8,"Desktop, Laptop"
AMD Ryzen AI 9 365,10,29493,3798,28,FP8,"Desktop, Laptop"
AMD Ryzen AI 9 HX 370,12,35185,3968,28,FP8,"Desktop, Laptop"
AMD Ryzen AI 9 HX 375,12,31950,3916,28,FP8,"Desktop, Laptop"
AMD Ryzen AI 9 HX PRO 370,12,33272,4195,28,FP8,"Desktop, Laptop"
AMD Ryzen AI 9 HX PRO 375,12,32400,3648,28,FP8,"Desktop, Laptop"
AMD R-272F APU,2,1215,1087,35,FS1,"Desktop, Laptop"
AMD Athlon X2 Dual Core BE-2400,2,674,749,18,FT1,Desktop
AMD E2-1800 APU,2,446,524,18,FT1,Desktop
AMD E-350,2,425,487,18,FT1,"Desktop, Laptop"
AMD E-350 APU,2,423,490,18,FT1 BGA,"Desktop, Laptop"
Intel Core i3-6098P @ 3.60GHz,2,3995,2097,54,LGA 1151,Desktop
Intel Core i3-6100 @ 3.70GHz,2,4126,2175,51,LGA 1151,Desktop
Intel Core i3-6100T @ 3.20GHz,2,3651,1867,35,LGA 1151,Desktop
Intel Core i3-6100TE @ 2.70GHz,2,3152,1636,35,LGA 1151,Desktop
Intel Core i3-6300 @ 3.80GHz,2,4336,2276,51,LGA 1151,Desktop
Intel Core i3-6300T @ 3.30GHz,2,4002,2018,35,LGA 1151,Desktop
Intel Core i3-6320 @ 3.90GHz,2,4486,2317,51,LGA 1151,Desktop
Intel Core i5-6400 @ 2.70GHz,4,5170,1954,65,LGA 1151,Desktop
Intel Core i5-6400T @ 2.20GHz,4,4269,1625,35,LGA 1151,Desktop
Intel Core i5-6402P @ 2.80GHz,4,5366,2002,65,LGA 1151,Desktop
Intel Core i5-6500 @ 3.20GHz,4,5624,2104,65,LGA 1151,Desktop
Intel Core i5-6500T @ 2.50GHz,4,4766,1780,35,LGA 1151,Desktop
Intel Core i5-6500TE @ 2.30GHz,4,4806,1837,35,LGA 1151,Desktop
Intel Core i5-6600 @ 3.30GHz,4,6058,2256,65,LGA 1151,Desktop
Intel Core i5-6600T @ 2.70GHz,4,5593,2049,35,LGA 1151,Desktop
Intel Core i7-6700 @ 3.40GHz,4,8066,2284,65,LGA 1151,Desktop
Intel Core i7-6700T @ 2.80GHz,4,7103,2041,35,LGA 1151,Desktop
Intel Core i7-6700TE @ 2.40GHz,4,6153,2052,35,LGA 1151,Desktop
Intel Core i7-7700K @ 4.20GHz,4,9635,2713,95,LGA 1151,Desktop
Intel Core i3-12300,4,14509,3591,60,LGA 1700,Desktop
Intel Core i5-12400,6,19251,3506,65,LGA 1700,Desktop
Intel Core i5-12500,6,19862,3678,65,LGA 1700,Desktop
Intel Core i5-12600,6,21570,3833,65,LGA 1700,Desktop
Intel Core i9-12900KS,16,43912,4338,150,LGA 1700,Desktop
Intel Celeron G1820T @ 2.40GHz,2,1631,1394,35,LGA1150,Desktop
Intel Celeron G1820TE @ 2.20GHz,2,1020,978,35,LGA1150,Desktop
Intel Celeron G1830 @ 2.80GHz,2,1560,1513,53,LGA1150,Desktop
Intel Celeron G1840T @ 2.50GHz,2,1576,1431,35,LGA1150,Desktop
Intel Core i3-4130 @ 3.40GHz,2,3322,1883,54,LGA1150,Desktop
Intel Core i3-4130T @ 2.90GHz,2,2895,1615,35,LGA1150,Desktop
Intel Core i3-4160T @ 3.10GHz,2,3116,1752,35,LGA1150,Desktop
Intel Core i3-4170 @ 3.70GHz,2,3594,2053,54,LGA1150,Desktop
Intel Core i3-4170T @ 3.20GHz,2,3141,1804,35,LGA1150,Desktop
Intel Core i3-4330 @ 3.50GHz,2,3499,1938,54,LGA1150,Desktop
Intel Core i3-4330T @ 3.00GHz,2,3115,1726,35,LGA1150,Desktop
Intel Core i3-4330TE @ 2.40GHz,2,2022,1327,35,LGA1150,Desktop
Intel Core i3-4340 @ 3.60GHz,2,3460,1979,54,LGA1150,Desktop
Intel Core i3-4350 @ 3.60GHz,2,3609,2010,54,LGA1150,Desktop
Intel Core i3-4360T @ 3.20GHz,2,3286,1873,35,LGA1150,Desktop
Intel Core i3-4370 @ 3.80GHz,2,3867,2161,54,LGA1150,Desktop
Intel Core i5-4430 @ 3.00GHz,4,4661,1800,84,LGA1150,Desktop
Intel Core i5-4430S @ 2.70GHz,4,4354,1771,65,LGA1150,Desktop
Intel Core i5-4440S @ 2.80GHz,4,4377,1785,65,LGA1150,Desktop
Intel Core i5-4460 @ 3.20GHz,4,4903,1904,84,LGA1150,Desktop
Intel Core i5-4460S @ 2.90GHz,4,4623,1855,65,LGA1150,Desktop
Intel Core i5-4460T @ 1.90GHz,4,3625,1477,35,LGA1150,Desktop
Intel Core i5-4470 @ 3.30GHz,4,4491,1628,84,LGA1150,Desktop
Intel Core i5-4470S @ 3.00GHz,4,4742,1756,65,LGA1150,Desktop
Intel Core i5-4570 @ 3.20GHz,4,5232,2033,84,LGA1150,Desktop
Intel Core i5-4570S @ 2.90GHz,4,5027,2004,65,LGA1150,Desktop
Intel Core i5-4570T @ 2.90GHz,2,3229,1910,35,LGA1150,Desktop
Intel Core i5-4570TE @ 2.70GHz,2,3074,1622,35,LGA1150,Desktop
Intel Core i5-4590 @ 3.30GHz,4,5372,2084,84,LGA1150,Desktop
Intel Core i5-4590S @ 3.00GHz,4,5135,2044,65,LGA1150,Desktop
Intel Core i5-4590T @ 2.00GHz,4,4061,1647,35,LGA1150,Desktop
Intel Core i5-4670 @ 3.40GHz,4,5502,2135,84,LGA1150,Desktop
Intel Core i5-4670K @ 3.40GHz,4,5573,2145,84,LGA1150,Desktop
Intel Core i5-4670K CPT @ 3.40GHz,4,5034,2042,84,LGA1150,Desktop
Intel Core i5-4690 @ 3.50GHz,4,5570,2189,84,LGA1150,Desktop
Intel Core i5-4690K @ 3.50GHz,4,5699,2192,88,LGA1150,Desktop
Intel Core i5-4690S @ 3.20GHz,4,5529,2203,65,LGA1150,Desktop
Intel Core i5-4690T @ 2.50GHz,4,4606,1906,45,LGA1150,Desktop
Intel Core i5-5575R @ 2.80GHz,4,5092,2098,65,LGA1150,Desktop
Intel Core i7-4770 @ 3.40GHz,4,7060,2169,84,LGA1150,Desktop
Intel Core i7-4770K @ 3.50GHz,4,7131,2160,84,LGA1150,Desktop
Intel Core i7-4770S @ 3.10GHz,4,6745,2118,65,LGA1150,Desktop
Intel Core i7-4770T @ 2.50GHz,4,5868,1894,45,LGA1150,Desktop
Intel Core i7-4770TE @ 2.30GHz,4,4983,1688,45,LGA1150,Desktop
Intel Core i7-4771 @ 3.50GHz,4,7119,2188,84,LGA1150,Desktop
Intel Core i7-4790K @ 4.00GHz,4,8067,2466,88,LGA1150,Desktop
Intel Core i7-4790S @ 3.20GHz,4,7002,2201,65,LGA1150,Desktop
Intel Core i7-4790T @ 2.70GHz,4,6360,2098,45,LGA1150,Desktop
Intel Core i7-5675C @ 3.10GHz,4,6089,2249,65,LGA1150,Desktop
Intel Core i7-5775R @ 3.30GHz,4,7543,2263,65,LGA1150,Desktop
Intel Pentium G3220T @ 2.60GHz,2,1614,1468,35,LGA1150,Desktop
Intel Pentium G3240T @ 2.70GHz,2,1674,1491,35,LGA1150,Desktop
Intel Pentium G3250 @ 3.20GHz,2,2006,1810,53,LGA1150,Desktop
Intel Pentium G3250T @ 2.80GHz,2,1807,1594,35,LGA1150,Desktop
Intel Pentium G3260 @ 3.30GHz,2,2104,1871,53,LGA1150,Desktop
Intel Pentium G3260T @ 2.90GHz,2,1837,1609,35,LGA1150,Desktop
Intel Pentium G3420T @ 2.70GHz,2,1912,1570,35,LGA1150,Desktop
Intel Pentium G3440 @ 3.30GHz,2,2202,1917,53,LGA1150,Desktop
Intel Pentium G3440T @ 2.80GHz,2,2107,1615,35,LGA1150,Desktop
Intel Pentium G3450T @ 2.90GHz,2,2016,1135,35,LGA1150,Desktop
Intel Pentium G3460 @ 3.50GHz,2,2231,1986,53,LGA1150,Desktop
Intel Pentium G3470 @ 3.60GHz,2,2428,2089,53,LGA1150,Desktop
Intel Core i5-7400T @ 2.40GHz,4,4693,1746,35,LGA1151,Desktop
Intel Core i5-7500 @ 3.40GHz,4,6034,2259,65,LGA1151,Desktop
Intel Core i7-6700K @ 4.00GHz,4,8939,2504,95,LGA1151,Desktop
Intel Core i7-7700 @ 3.60GHz,4,8645,2449,65,LGA1151,Desktop
Intel Celeron G1610T @ 2.30GHz,2,1327,1207,35,LGA1155,Desktop
Intel Celeron G1620T @ 2.40GHz,2,1532,1327,35,LGA1155,Desktop
Intel Celeron G440 @ 1.60GHz,1,420,747,35,LGA1155,Desktop
Intel Celeron G460 @ 1.80GHz,1,469,699,35,LGA1155,Desktop
Intel Celeron G465 @ 1.90GHz,1,547,819,35,LGA1155,Desktop
Intel Celeron G470 @ 2.00GHz,1,570,837,35,LGA1155,Desktop
Intel Celeron G530 @ 2.40GHz,2,1129,1101,65,LGA1155,Desktop
Intel Celeron G530T @ 2.00GHz,2,1056,962,35,LGA1155,Desktop
Intel Celeron G540 @ 2.50GHz,2,1177,1149,65,LGA1155,Desktop
Intel Celeron G540T @ 2.10GHz,2,1137,995,35,LGA1155,Desktop
Intel Celeron G550 @ 2.60GHz,2,1259,1210,65,LGA1155,Desktop
Intel Celeron G550T @ 2.20GHz,2,1074,1018,35,LGA1155,Desktop
Intel Celeron G555 @ 2.70GHz,2,1388,1289,65,LGA1155,Desktop
Intel Core i3-2100 @ 3.10GHz,2,1858,1418,65,LGA1155,Desktop
Intel Core i3-2100T @ 2.50GHz,2,1501,1100,35,LGA1155,Desktop
Intel Core i3-2105 @ 3.10GHz,2,1849,1421,65,LGA1155,Desktop
Intel Core i3-2120 @ 3.30GHz,2,1959,1508,65,LGA1155,Desktop
Intel Core i3-2120T @ 2.60GHz,2,1553,1167,35,LGA1155,Desktop
Intel Core i3-2125 @ 3.30GHz,2,2090,1573,65,LGA1155,Desktop
Intel Core i3-2130 @ 3.40GHz,2,2048,1558,65,LGA1155,Desktop
Intel Core i3-3210 @ 3.20GHz,2,2220,1692,55,LGA1155,Desktop
Intel Core i3-3220 @ 3.30GHz,2,2269,1725,55,LGA1155,Desktop
Intel Core i3-3220T @ 2.80GHz,2,1952,1492,35,LGA1155,Desktop
Intel Core i3-3225 @ 3.30GHz,2,2256,1707,55,LGA1155,Desktop
Intel Core i3-3240 @ 3.40GHz,2,2339,1784,55,LGA1155,Desktop
Intel Core i3-3240T @ 2.90GHz,2,2061,1553,35,LGA1155,Desktop
Intel Core i3-3245 @ 3.40GHz,2,2373,1770,55,LGA1155,Desktop
Intel Core i3-3250 @ 3.50GHz,2,2448,1835,55,LGA1155,Desktop
Intel Core i5-2300 @ 2.80GHz,4,3449,1431,95,LGA1155,Desktop
Intel Core i5-2310 @ 2.90GHz,4,3657,1490,95,LGA1155,Desktop
Intel Core i5-2320 @ 3.00GHz,4,3680,1523,95,LGA1155,Desktop
Intel Core i5-2380P @ 3.10GHz,4,3901,1610,95,LGA1155,Desktop
Intel Core i5-2390T @ 2.70GHz,2,2493,1516,35,LGA1155,Desktop
Intel Core i5-2400 @ 3.10GHz,4,3870,1578,95,LGA1155,Desktop
Intel Core i5-2400S @ 2.50GHz,4,3159,1467,65,LGA1155,Desktop
Intel Core i5-2405S @ 2.50GHz,4,3224,1478,65,LGA1155,Desktop
Intel Core i5-2450P @ 3.20GHz,4,4273,1682,95,LGA1155,Desktop
Intel Core i5-2500 @ 3.30GHz,4,4117,1703,95,LGA1155,Desktop
Intel Core i5-2500K @ 3.30GHz,4,4122,1697,95,LGA1155,Desktop
Intel Core i5-2500S @ 2.70GHz,4,3398,1647,65,LGA1155,Desktop
Intel Core i5-2500T @ 2.30GHz,4,2929,1485,45,LGA1155,Desktop
Intel Core i5-2550K @ 3.40GHz,4,4172,1760,95,LGA1155,Desktop
Intel Core i5-3330 @ 3.00GHz,4,4104,1720,77,LGA1155,Desktop
Intel Core i5-3330S @ 2.70GHz,4,3891,1708,65,LGA1155,Desktop
Intel Core i5-3335S @ 2.70GHz,4,3784,1697,65,LGA1155,Desktop
Intel Core i5-3340 @ 3.10GHz,4,4230,1767,77,LGA1155,Desktop
Intel Core i5-3340S @ 2.80GHz,4,3947,1747,65,LGA1155,Desktop
Intel Core i5-3350P @ 3.10GHz,4,4295,1792,69,LGA1155,Desktop
Intel Core i5-3450 @ 3.10GHz,4,4508,1872,77,LGA1155,Desktop
Intel Core i5-3450S @ 2.80GHz,4,4384,1869,65,LGA1155,Desktop
Intel Core i5-3470 @ 3.20GHz,4,4673,1938,77,LGA1155,Desktop
Intel Core i5-3470S @ 2.90GHz,4,4387,1889,65,LGA1155,Desktop
Intel Core i5-3470T @ 2.90GHz,2,3008,1849,35,LGA1155,Desktop
Intel Core i5-3475S @ 2.90GHz,4,4295,1838,65,LGA1155,Desktop
Intel Core i5-3550 @ 3.30GHz,4,4796,1988,77,LGA1155,Desktop
Intel Core i5-3550S @ 3.00GHz,4,4434,1943,65,LGA1155,Desktop
Intel Core i5-3570 @ 3.40GHz,4,4937,2045,77,LGA1155,Desktop
Intel Core i5-3570K @ 3.40GHz,4,4961,2045,77,LGA1155,Desktop
Intel Core i5-3570S @ 3.10GHz,4,4644,1990,65,LGA1155,Desktop
Intel Core i5-3570T @ 2.30GHz,4,3962,1695,45,LGA1155,Desktop
Intel Core i7-2600 @ 3.40GHz,4,5349,1738,95,LGA1155,Desktop
Intel Core i7-2600K @ 3.40GHz,4,5484,1742,95,LGA1155,Desktop
Intel Core i7-2600S @ 2.80GHz,4,4615,1721,65,LGA1155,Desktop
Intel Core i7-2700K @ 3.50GHz,4,5745,1823,95,LGA1155,Desktop
Intel Core i7-3770 @ 3.40GHz,4,6416,2074,77,LGA1155,Desktop
Intel Core i7-3770K @ 3.50GHz,4,6471,2071,77,LGA1155,Desktop
Intel Core i7-3770S @ 3.10GHz,4,6188,2043,65,LGA1155,Desktop
Intel Core i7-3770T @ 2.50GHz,4,5444,1830,45,LGA1155,Desktop
Intel Pentium G2030T @ 2.60GHz,2,1578,1440,35,LGA1155,Desktop
Intel Pentium G2100T @ 2.60GHz,2,1691,1460,35,LGA1155,Desktop
Intel Pentium G2140 @ 3.30GHz,2,2092,1842,55,LGA1155,Desktop
Intel Pentium G620 @ 2.60GHz,2,1212,1178,65,LGA1155,Desktop
Intel Pentium G620T @ 2.20GHz,2,896,961,35,LGA1155,Desktop
Intel Pentium G630 @ 2.70GHz,2,1345,1250,65,LGA1155,Desktop
Intel Pentium G630T @ 2.30GHz,2,1090,1058,35,LGA1155,Desktop
Intel Pentium G640 @ 2.80GHz,2,1364,1301,65,LGA1155,Desktop
Intel Pentium G640T @ 2.40GHz,2,1139,1102,35,LGA1155,Desktop
Intel Pentium G645 @ 2.90GHz,2,1437,1340,65,LGA1155,Desktop
Intel Pentium G645T @ 2.50GHz,2,1228,1131,35,LGA1155,Desktop
Intel Core i5-24050S @ 2.50GHz,4,3061,1397,65,"LGA1155, FCLGA11",Desktop
Intel Core i3-530 @ 2.93GHz,2,1502,1164,73,LGA1156,Desktop
Intel Core i3-540 @ 3.07GHz,2,1543,1266,73,LGA1156,Desktop
Intel Core i3-550 @ 3.20GHz,2,1620,1342,73,LGA1156,Desktop
Intel Core i3-560 @ 3.33GHz,2,1627,1352,73,LGA1156,Desktop
Intel Core i5 750S @ 2.40GHz,4,1326,1039,82,LGA1156,Desktop
Intel Core i5-650 @ 3.20GHz,2,2259,1366,73,LGA1156,Desktop
Intel Core i5-655K @ 3.20GHz,2,2017,1446,73,LGA1156,Desktop
Intel Core i5-660 @ 3.33GHz,2,2411,1432,73,LGA1156,Desktop
Intel Core i5-661 @ 3.33GHz,2,2478,1446,87,LGA1156,Desktop
Intel Core i5-670 @ 3.47GHz,2,2533,1530,73,LGA1156,Desktop
Intel Core i5-680 @ 3.60GHz,2,2647,1614,73,LGA1156,Desktop
Intel Core i5-750 @ 2.67GHz,4,2538,1232,95,LGA1156,Desktop
Intel Core i5-760 @ 2.80GHz,4,2647,1295,95,LGA1156,Desktop
Intel Core i7-860 @ 2.80GHz,4,3012,1330,95,LGA1156,Desktop
Intel Core i7-860S @ 2.53GHz,4,2280,1093,82,LGA1156,Desktop
Intel Core i7-870 @ 2.93GHz,4,3158,1384,95,LGA1156,Desktop
Intel Core i7-870S @ 2.67GHz,4,2765,1493,82,LGA1156,Desktop
Intel Core i7-875K @ 2.93GHz,4,3124,1351,95,LGA1156,Desktop
Intel Core i7-880 @ 3.07GHz,4,3368,1450,95,LGA1156,Desktop
Intel Pentium G6950 @ 2.80GHz,2,1238,1109,73,LGA1156,Desktop
Intel Pentium G6951 @ 2.80GHz,2,1383,1173,73,LGA1156,Desktop
Intel Pentium G6960 @ 2.93GHz,2,1433,1279,73,LGA1156,Desktop
Intel Core i7-920 @ 2.67GHz,4,2841,1212,130,LGA1366,Desktop
Intel Core i7-930 @ 2.80GHz,4,2982,1267,130,LGA1366,Desktop
Intel Core i7-940 @ 2.93GHz,4,2947,1310,130,LGA1366,Desktop
Intel Core i7-950 @ 3.07GHz,4,3232,1382,130,LGA1366,Desktop
Intel Core i7-960 @ 3.20GHz,4,3363,1459,130,LGA1366,Desktop
Intel Core i7-965 @ 3.20GHz,4,3424,1475,130,LGA1366,Desktop
Intel Core i7-970 @ 3.20GHz,6,6544,1468,130,LGA1366,Desktop
Intel Core i7-975 @ 3.33GHz,4,3501,1500,130,LGA1366,Desktop
Intel Core i7-980 @ 3.33GHz,6,6867,1542,130,LGA1366,Desktop
Intel Core i7-980X @ 3.33GHz,6,6828,1525,130,LGA1366,Desktop
Intel Core i7-990X @ 3.47GHz,6,7120,1573,130,LGA1366,Desktop
Intel Core i5-12490F,6,20142,3676,65,LGA1700,Desktop
Intel Celeron G6900,2,4489,2696,46,"LGA1700,BGA1700",Desktop
Intel Pentium Gold G7400,2,6726,2996,46,"LGA1700,BGA1700",Desktop
Intel Core i7-3820 @ 3.60GHz,4,5776,1744,130,LGA2011,Desktop
Intel Core i7-3930K @ 3.20GHz,6,8201,1744,130,LGA2011,Desktop
Intel Core i7-3960X @ 3.30GHz,6,8423,1789,130,LGA2011,Desktop
Intel Core i7-3970X @ 3.50GHz,6,8516,1849,150,LGA2011,Desktop
Intel Core i7-4930K @ 3.40GHz,6,9384,1959,130,LGA2011,Desktop
Intel Core i7-4960X @ 3.60GHz,6,10025,2072,130,LGA2011,Desktop
Intel Core i7-5820K @ 3.30GHz,6,9832,1990,140,LGA2011-v3,Desktop
Intel Core i7-5930K @ 3.50GHz,6,10339,2056,140,LGA2011-v3,Desktop
Intel Core i7-5960X @ 3.00GHz,8,13041,2031,140,LGA2011-v3,Desktop
Intel Core i7-6800K @ 3.40GHz,6,10729,2261,140,LGA2011-v3,Desktop
Intel Core i7-6950X @ 3.00GHz,10,17469,2332,140,LGA2011-v3,Desktop
Intel Core i9-9990XE @ 4.00GHz,14,30162,2970,255,LGA2066,Desktop
Intel Core2 Extreme X9775 @ 3.20GHz,4,2780,1451,150,LGA771,Desktop
Intel Celeron 420 @ 1.60GHz,1,235,471,35,LGA775,Desktop
Intel Celeron 430 @ 1.80GHz,1,288,616,35,LGA775,Desktop
Intel Celeron 440 @ 2.00GHz,1,368,444,35,LGA775,Desktop
Intel Celeron 450 @ 2.20GHz,1,433,763,35,LGA775,Desktop
Intel Celeron D 420 @ 1.60GHz,1,313,388,35,LGA775,Desktop
Intel Celeron E1200 @ 1.60GHz,2,516,580,65,LGA775,Desktop
Intel Celeron E1400 @ 2.00GHz,2,735,758,65,LGA775,Desktop
Intel Celeron E1500 @ 2.20GHz,2,626,764,65,LGA775,Desktop
Intel Celeron E1600 @ 2.40GHz,2,840,916,65,LGA775,Desktop
Intel Celeron E3200 @ 2.40GHz,2,900,981,65,LGA775,Desktop
Intel Celeron E3300 @ 2.50GHz,2,809,918,65,LGA775,Desktop
Intel Celeron E3400 @ 2.60GHz,2,872,1010,65,LGA775,Desktop
Intel Celeron E3500 @ 2.70GHz,2,935,1154,65,LGA775,Desktop
Intel Core2 Duo E4300 @ 1.80GHz,2,588,661,65,LGA775,Desktop
Intel Core2 Duo E4400 @ 2.00GHz,2,718,783,65,LGA775,Desktop
Intel Core2 Duo E4500 @ 2.20GHz,2,739,812,65,LGA775,Desktop
Intel Core2 Duo E4600 @ 2.40GHz,2,875,928,65,LGA775,Desktop
Intel Core2 Duo E4700 @ 2.60GHz,2,900,949,65,LGA775,Desktop
Intel Core2 Duo E6400 @ 2.13GHz,2,779,825,65,LGA775,Desktop
Intel Core2 Duo E6540 @ 2.33GHz,2,808,969,65,LGA775,Desktop
Intel Core2 Duo E6550 @ 2.33GHz,2,903,909,65,LGA775,Desktop
Intel Core2 Duo E6700 @ 2.66GHz,2,990,1023,65,LGA775,Desktop
Intel Core2 Duo E6750 @ 2.66GHz,2,1017,1028,65,LGA775,Desktop
Intel Core2 Duo E6850 @ 3.00GHz,2,1154,1188,65,LGA775,Desktop
Intel Core2 Duo E7200 @ 2.53GHz,2,991,1054,65,LGA775,Desktop
Intel Core2 Duo E7300 @ 2.66GHz,2,952,1056,65,LGA775,Desktop
Intel Core2 Duo E7400 @ 2.80GHz,2,1042,1109,65,LGA775,Desktop
Intel Core2 Duo E7500 @ 2.93GHz,2,1151,1211,65,LGA775,Desktop
Intel Core2 Duo E7600 @ 3.06GHz,2,1150,1260,65,LGA775,Desktop
Intel Core2 Duo E8200 @ 2.66GHz,2,1129,1144,65,LGA775,Desktop
Intel Core2 Duo E8290 @ 2.83GHz,2,1408,1302,65,LGA775,Desktop
Intel Core2 Duo E8300 @ 2.83GHz,2,1019,1084,65,LGA775,Desktop
Intel Core2 Duo E8400 @ 3.00GHz,2,1209,1233,65,LGA775,Desktop
Intel Core2 Duo E8500 @ 3.16GHz,2,1287,1322,65,LGA775,Desktop
Intel Core2 Duo E8600 @ 3.33GHz,2,1360,1383,65,LGA775,Desktop
Intel Core2 Extreme Q6800 @ 2.93GHz,4,2145,1124,75,LGA775,Desktop
Intel Core2 Extreme Q6850 @ 3.00GHz,4,2242,1210,130,LGA775,Desktop
Intel Core2 Extreme X9650 @ 3.00GHz,4,2404,1258,130,LGA775,Desktop
Intel Core2 Extreme X9770 @ 3.20GHz,4,2689,1395,136,LGA775,Desktop
Intel Core2 Quad Q6600 @ 2.40GHz,4,1832,953,105,LGA775,Desktop
Intel Core2 Quad Q6700 @ 2.66GHz,4,2099,1077,105,LGA775,Desktop
Intel Core2 Quad Q8200 @ 2.33GHz,4,1779,993,95,LGA775,Desktop
Intel Core2 Quad Q8300 @ 2.50GHz,4,1901,1061,95,LGA775,Desktop
Intel Core2 Quad Q8400 @ 2.66GHz,4,2069,1141,95,LGA775,Desktop
Intel Core2 Quad Q9300 @ 2.50GHz,4,1987,1081,95,LGA775,Desktop
Intel Core2 Quad Q9400 @ 2.66GHz,4,2142,1138,95,LGA775,Desktop
Intel Core2 Quad Q9450 @ 2.66GHz,4,2184,1127,95,LGA775,Desktop
Intel Core2 Quad Q9500 @ 2.83GHz,4,2227,1213,95,LGA775,Desktop
Intel Core2 Quad Q9505 @ 2.83GHz,4,2171,1186,95,LGA775,Desktop
Intel Core2 Quad Q9550 @ 2.83GHz,4,2347,1216,95,LGA775,Desktop
Intel Core2 Quad Q9650 @ 3.00GHz,4,2484,1284,95,LGA775,Desktop
Intel Pentium E2160 @ 1.80GHz,2,651,683,65,LGA775,Desktop
Intel Pentium E2180 @ 2.00GHz,2,683,736,65,LGA775,Desktop
Intel Pentium E2200 @ 2.20GHz,2,757,827,65,LGA775,Desktop
Intel Pentium E2210 @ 2.20GHz,2,702,946,65,LGA775,Desktop
Intel Pentium E2220 @ 2.40GHz,2,842,915,65,LGA775,Desktop
Intel Pentium E5200 @ 2.50GHz,2,931,997,65,LGA775,Desktop
Intel Pentium E5300 @ 2.60GHz,2,912,1019,65,LGA775,Desktop
Intel Pentium E5400 @ 2.70GHz,2,983,1078,65,LGA775,Desktop
Intel Pentium E5500 @ 2.80GHz,2,1041,1135,65,LGA775,Desktop
Intel Pentium E5700 @ 3.00GHz,2,1079,1182,65,LGA775,Desktop
Intel Pentium E5800 @ 3.20GHz,2,1174,1275,65,LGA775,Desktop
Intel Pentium E6300 @ 2.80GHz,2,1032,1143,65,LGA775,Desktop
Intel Pentium E6500 @ 2.93GHz,2,1165,1241,65,LGA775,Desktop
Intel Pentium E6600 @ 3.06GHz,2,1166,1222,65,LGA775,Desktop
Intel Pentium E6700 @ 3.20GHz,2,1203,1318,65,LGA775,Desktop
Intel Pentium E6800 @ 3.33GHz,2,1155,1304,65,LGA775,Desktop
Intel Core2 Duo E6300 @ 1.86GHz,2,638,691,65,"LGA775, PLGA775",Desktop
Intel Pentium E2140 @ 1.60GHz,2,539,599,65,"LGA775, PLGA775",Desktop
Intel Pentium 4 1.50GHz,1,86,228,57.8,PGA423,Desktop
Intel Pentium 4 1.70GHz,1,86,254,64,PGA423,Desktop
Intel Pentium 4 1.90GHz,1,104,292,69.2,PGA423,Desktop
Intel Pentium 4 1300MHz,1,77,203,51.6,PGA423,Desktop
Intel Pentium 4 1400MHz,1,83,180,54.7,PGA423,Desktop
Intel Pentium 4 1500MHz,1,81,223,57.8,PGA423,Desktop
Intel Pentium 4 1700MHz,1,100,266,64,PGA423,Desktop
Intel Core Duo T2050 @ 1.60GHz,2,333,498,31,PGA478,Desktop
Intel Core2 Extreme Q9300 @ 2.53GHz,4,1993,1085,45,PGA478,Desktop
Intel Pentium 4 1.60GHz,1,84,225,38,PGA478,Desktop
Intel Pentium 4 1.80GHz,1,115,318,68.1,PGA478,Desktop
Intel Pentium 4 1800MHz,1,114,317,68.1,PGA478,Desktop
Intel Pentium 4 2.00GHz,1,133,349,54.3,PGA478,Desktop
Intel Pentium 4 2.20GHz,1,157,379,57.1,PGA478,Desktop
Intel Pentium 4 2.26GHz,1,151,409,58,PGA478,Desktop
Intel Pentium 4 2.40GHz,1,131,360,59.8,PGA478,Desktop
Intel Pentium 4 2.50GHz,1,160,385,61,PGA478,Desktop
Intel Pentium 4 2.53GHz,1,162,442,61.5,PGA478,Desktop
Intel Pentium 4 2.60GHz,1,215,494,69,PGA478,Desktop
Intel Pentium 4 2.66GHz,1,157,431,66.1,PGA478,Desktop
Intel Pentium 4 2.80GHz,1,237,509,69.7,PGA478,Desktop
Intel Pentium 4 3.00GHz,1,311,524,81.9,PGA478,Desktop
Intel Pentium 4 3.06GHz,1,249,551,81.8,PGA478,Desktop
Intel Pentium 4 3.20GHz,1,330,547,82,PGA478,Desktop
Intel Pentium 4 3.40GHz,1,298,650,89,PGA478,Desktop
Mobile Intel Pentium 4 2.66GHz,1,182,425,66.1,PGA478,Desktop
Mobile Intel Pentium 4 2.80GHz,1,205,397,69.7,PGA478,Desktop
Mobile Intel Pentium 4 3.06GHz,1,220,423,81.8,PGA478,Desktop
Mobile Intel Pentium 4 3.20GHz,1,232,468,82,PGA478,Desktop
Intel Celeron D 347 @ 3.06GHz,1,232,565,86,PLGA775,Desktop
Intel Celeron D 352 @ 3.20GHz,1,274,576,86,PLGA775,Desktop
Intel Celeron D 356 @ 3.33GHz,1,251,619,86,PLGA775,Desktop
Intel Celeron D 360 @ 3.46GHz,1,372,712,65,PLGA775,Desktop
Intel Core2 Duo E6320 @ 1.86GHz,2,717,712,65,PLGA775,Desktop
Intel Core2 Duo E6420 @ 2.13GHz,2,752,781,65,PLGA775,Desktop
Intel Core2 Duo E6600 @ 2.40GHz,2,942,947,65,PLGA775,Desktop
Intel Core2 Extreme X6800 @ 2.93GHz,2,1095,1107,75,PLGA775,Desktop
Intel Pentium D 805 @ 2.66GHz,2,374,497,95,PLGA775,Desktop
Intel Pentium D 830 @ 3.00GHz,2,564,574,95,PLGA775,Desktop
Intel Pentium D 915 @ 2.80GHz,2,459,532,95,PLGA775,Desktop
Intel Pentium D 940 @ 3.20GHz,2,552,609,130,PLGA775,Desktop
Intel Pentium D 950 @ 3.40GHz,2,681,695,130,PLGA775,Desktop
Intel Pentium D 960 @ 3.60GHz,2,807,782,130,PLGA775,Desktop
Intel Pentium Extreme Edition 955 @ 3.46GHz,2,469,515,130,PLGA775,Desktop
Intel Pentium Extreme Edition 965 @ 3.73GHz,2,987,818,130,PLGA775,Desktop
Intel Celeron 1.80GHz,1,96,307,66.1,PPGA478,Desktop
Intel Celeron 2.00GHz,1,125,338,52.8,PPGA478,Desktop
Intel Celeron 2.80GHz,1,190,425,68.4,PPGA478,Desktop
Intel Core i3-2330E @ 2.20GHz,2,1823,1063,35,rPGA988,Desktop
AMD Phenom II X640 Dual-Core,2,1165,1142,45,S1,Desktop
Intel Pentium III 1400 @ 1400MHz,1,193,272,31.2,Socket 370,Desktop
Intel Pentium III 1400S @ 1400MHz,1,194,278,32.2,Socket 370,Desktop
AMD Athlon 64 3000+,1,334,615,89,Socket 754,Desktop
AMD Athlon XP 1800+,1,195,301,66,Socket A,Desktop
AMD Athlon XP 2000+,1,195,311,70,Socket A,Desktop
AMD Athlon XP 3000+,1,262,396,62,Socket A,Desktop
AMD Sempron 2200+,1,184,279,NA,Socket A,Desktop
AMD Sempron 2300+,1,207,314,NA,Socket A,Desktop
AMD Sempron 2400+,1,205,321,NA,Socket A,Desktop
AMD Sempron 2500+,1,207,405,NA,Socket A,Desktop
AMD Sempron 2600+,1,253,325,NA,Socket A,Desktop
AMD Athlon XP 1700+,1,176,272,64,Socket A (462),Desktop
AMD Ryzen Threadripper 1900X,8,16808,2335,180,sTR4,Desktop
AMD Ryzen Threadripper 1920,12,22066,2299,140,sTR4,Desktop
AMD Ryzen Threadripper 1920X,12,23040,2306,180,sTR4,Desktop
AMD Ryzen Threadripper 1950X,16,27616,2274,180,sTR4,Desktop
AMD Ryzen Threadripper 2920X,12,25202,2491,180,sTR4,Desktop
AMD Ryzen Threadripper 2950X,16,29506,2457,180,sTR4,Desktop
AMD Ryzen Threadripper 2970WX,24,31093,2339,250,sTR4,"Desktop, Server"
AMD Ryzen Threadripper 2990WX,32,32261,2292,250,sTR4,"Desktop, Server"
AMD Ryzen Threadripper 7960X,24,83843,4135,350,sTR5,Desktop
AMD Ryzen Threadripper 7970X,32,99086,4133,350,sTR5,Desktop
AMD Ryzen Threadripper 7980X,64,135771,4013,350,sTR5,Desktop
AMD Ryzen Threadripper PRO 7945WX,12,49912,4103,350,sTR5,Desktop
AMD Ryzen Threadripper PRO 7955WX,16,59592,4085,350,sTR5,Desktop
AMD Ryzen Threadripper PRO 7965WX,24,81634,3996,350,sTR5,Desktop
AMD Ryzen Threadripper PRO 7975WX,32,95640,4063,350,sTR5,Desktop
AMD Ryzen Threadripper PRO 7985WX,64,133983,3970,350,sTR5,Desktop
AMD Ryzen Threadripper PRO 7995WX,96,149170,3928,350,sTR5,Desktop
AMD Ryzen Threadripper 3960X,24,54839,2684,280,sTRX4,Desktop
AMD Ryzen Threadripper 3970X,32,63079,2664,280,sTRX4,Desktop
AMD Ryzen Threadripper 3990X,64,80076,2568,280,sTRX4,Desktop
AMD Ryzen Threadripper PRO 3945WX,12,33518,2698,280,sWRX8,"Desktop, Server"
AMD Ryzen Threadripper PRO 3955WX,16,40254,2677,280,sWRX8,"Desktop, Server"
[Dual CPU] AMD Ryzen Threadripper PRO 3955WX,16,63885,2439,280,sWRX8,"Desktop, Server"
AMD Ryzen Threadripper PRO 3975WX,32,62324,2659,280,sWRX8,"Desktop, Server"
[Dual CPU] AMD Ryzen Threadripper PRO 3975WX,32,98811,2676,280,sWRX8,"Desktop, Server"
AMD Ryzen Threadripper PRO 3995WX,64,83438,2599,280,sWRX8,"Desktop, Server"
[Dual CPU] AMD Ryzen Threadripper PRO 3995WX,64,113693,2559,280,sWRX8,"Desktop, Server"
AMD Ryzen Threadripper PRO 5945WX,12,40610,3359,280,sWRX8,"Desktop, Server"
AMD Ryzen Threadripper PRO 5955WX,16,50051,3335,280,sWRX8,"Desktop, Server"
AMD Ryzen Threadripper PRO 5965WX,24,66557,3359,280,sWRX8,"Desktop, Server"
AMD Ryzen Threadripper PRO 5975WX,32,75803,3318,280,sWRX8,"Desktop, Server"
AMD Ryzen Threadripper PRO 5995WX,64,94054,3212,280,sWRX8,"Desktop, Server"
AMD Ryzen Threadripper 2990X,32,25874,2312,250,TR4,Desktop
